snapshot_date,tour,rating_type,player,elo,yelo,hard_elo,clay_elo,grass_elo
2026-07-01,ATP,elo,,0,0,0,0,0
2026-07-01,ATP,elo,,0,0,0,0,0
2026-07-01,ATP,elo,,0,0,0,0,0
2026-07-01,ATP,elo,,0,0,0,0,0
2026-07-01,ATP,elo,,0,0,0,0,0
2026-07-01,ATP,elo,,0,0,0,0,0
2026-07-01,ATP,elo,,0,0,0,0,0
2026-07-01,ATP,elo,,0,0,0,0,0
2026-07-01,ATP,elo,,0,0,0,0,0
2026-07-01,ATP,elo,,0,0,0,0,0
2026-07-01,ATP,elo,,0,0,0,0,0
2026-07-01,ATP,elo,,0,0,0,0,0
2026-07-01,ATP,elo,,0,0,0,0,0
2026-07-01,ATP,elo,,0,0,0,0,0
2026-07-01,ATP,elo,,0,0,0,0,0
2026-07-01,ATP,elo,,0,0,0,0,0
2026-07-01,ATP,elo,,0,0,0,0,0
2026-07-01,ATP,elo,,0,0,0,0,0
2026-07-01,ATP,elo,,0,0,0,0,0
2026-07-01,ATP,elo,,0,0,0,0,0
2026-07-01,ATP,elo,,0,0,0,0,0
2026-07-01,ATP,elo,,0,0,0,0,0
2026-07-01,ATP,elo,,0,0,0,0,0
2026-07-01,ATP,elo,,0,0,0,0,0
2026-07-01,ATP,elo,,0,0,0,0,0
2026-07-01,ATP,elo,,0,0,0,0,0
2026-07-01,ATP,elo,,0,0,0,0,0
2026-07-01,WTA,elo,,0,0,0,0,0
2026-07-01,WTA,elo,,0,0,0,0,0
2026-07-01,WTA,elo,,0,0,0,0,0
2026-07-01,WTA,elo,,0,0,0,0,0
2026-07-01,WTA,elo,,0,0,0,0,0
2026-07-01,WTA,elo,,0,0,0,0,0
2026-07-01,WTA,elo,,0,0,0,0,0
2026-07-01,WTA,elo,,0,0,0,0,0
2026-07-01,WTA,elo,,0,0,0,0,0
2026-07-01,WTA,elo,,0,0,0,0,0
2026-07-01,WTA,elo,,0,0,0,0,0
2026-07-01,WTA,elo,,0,0,0,0,0
2026-07-01,WTA,elo,,0,0,0,0,0
2026-07-01,WTA,elo,,0,0,0,0,0
2026-07-01,WTA,elo,,0,0,0,0,0
2026-07-01,WTA,elo,,0,0,0,0,0
2026-07-01,WTA,elo,,0,0,0,0,0
2026-07-01,WTA,elo,,0,0,0,0,0
2026-07-01,WTA,elo,,0,0,0,0,0
2026-07-01,WTA,elo,,0,0,0,0,0
2026-07-01,WTA,elo,,0,0,0,0,0
2026-07-01,WTA,elo,,0,0,0,0,0
2026-07-01,WTA,elo,,0,0,0,0,0
2026-07-01,WTA,elo,,0,0,0,0,0
2026-07-01,WTA,elo,,0,0,0,0,0
2026-07-01,WTA,elo,,0,0,0,0,0
2026-07-01,WTA,elo,,0,0,0,0,0
2026-07-01,ATP,yelo,,0,0,0,0,0
2026-07-01,ATP,yelo,,0,0,0,0,0
2026-07-01,ATP,yelo,,0,0,0,0,0
2026-07-01,ATP,yelo,,0,0,0,0,0
2026-07-01,ATP,yelo,,0,0,0,0,0
2026-07-01,ATP,yelo,,0,0,0,0,0
2026-07-01,ATP,yelo,,0,0,0,0,0
2026-07-01,ATP,yelo,,0,0,0,0,0
2026-07-01,ATP,yelo,,0,0,0,0,0
2026-07-01,ATP,yelo,,0,0,0,0,0
2026-07-01,ATP,yelo,,0,0,0,0,0
2026-07-01,ATP,yelo,,0,0,0,0,0
2026-07-01,ATP,yelo,,0,0,0,0,0
2026-07-01,ATP,yelo,,0,0,0,0,0
2026-07-01,ATP,yelo,,0,0,0,0,0
2026-07-01,ATP,yelo,,0,0,0,0,0
2026-07-01,ATP,yelo,,0,0,0,0,0
2026-07-01,ATP,yelo,,0,0,0,0,0
2026-07-01,ATP,yelo,,0,0,0,0,0
2026-07-01,ATP,yelo,,0,0,0,0,0
2026-07-01,ATP,yelo,,0,0,0,0,0
2026-07-01,ATP,yelo,,0,0,0,0,0
2026-07-01,ATP,yelo,,0,0,0,0,0
2026-07-01,ATP,yelo,,0,0,0,0,0
2026-07-01,ATP,yelo,,0,0,0,0,0
2026-07-01,ATP,yelo,,0,0,0,0,0
2026-07-01,ATP,yelo,,0,0,0,0,0
2026-07-01,WTA,yelo,,0,0,0,0,0
2026-07-01,WTA,yelo,,0,0,0,0,0
2026-07-01,WTA,yelo,,0,0,0,0,0
2026-07-01,WTA,yelo,,0,0,0,0,0
2026-07-01,WTA,yelo,,0,0,0,0,0
2026-07-01,WTA,yelo,,0,0,0,0,0
2026-07-01,WTA,yelo,,0,0,0,0,0
2026-07-01,WTA,yelo,,0,0,0,0,0
2026-07-01,WTA,yelo,,0,0,0,0,0
2026-07-01,WTA,yelo,,0,0,0,0,0
2026-07-01,WTA,yelo,,0,0,0,0,0
2026-07-01,WTA,yelo,,0,0,0,0,0
2026-07-01,WTA,yelo,,0,0,0,0,0
2026-07-01,WTA,yelo,,0,0,0,0,0
2026-07-01,WTA,yelo,,0,0,0,0,0
2026-07-01,WTA,yelo,,0,0,0,0,0
2026-07-01,WTA,yelo,,0,0,0,0,0
2026-07-01,WTA,yelo,,0,0,0,0,0
2026-07-01,WTA,yelo,,0,0,0,0,0
2026-07-01,WTA,yelo,,0,0,0,0,0
2026-07-01,WTA,yelo,,0,0,0,0,0
2026-07-01,WTA,yelo,,0,0,0,0,0
2026-07-01,WTA,yelo,,0,0,0,0,0
2026-07-01,WTA,yelo,,0,0,0,0,0
2026-07-01,WTA,yelo,,0,0,0,0,0
2026-07-01,WTA,yelo,,0,0,0,0,0
2026-07-01,WTA,yelo,,0,0,0,0,0
2026-07-02,ATP,elo,,0,0,0,0,0
2026-07-02,ATP,elo,Player,0,0,0,0,0
2026-07-02,ATP,elo,Jannik Sinner,0,0,0,0,0
2026-07-02,ATP,elo,Carlos Alcaraz,0,0,0,0,0
2026-07-02,ATP,elo,Alexander Zverev,0,0,0,0,0
2026-07-02,ATP,elo,Novak Djokovic,0,0,0,0,0
2026-07-02,ATP,elo,Arthur Fils,0,0,0,0,0
2026-07-02,ATP,elo,Rafael Jodar,0,0,0,0,0
2026-07-02,ATP,elo,Casper Ruud,0,0,0,0,0
2026-07-02,ATP,elo,Daniil Medvedev,0,0,0,0,0
2026-07-02,ATP,elo,Alex De Minaur,0,0,0,0,0
2026-07-02,ATP,elo,Ben Shelton,0,0,0,0,0
2026-07-02,ATP,elo,Felix Auger Aliassime,0,0,0,0,0
2026-07-02,ATP,elo,Tommy Paul,0,0,0,0,0
2026-07-02,ATP,elo,Learner Tien,0,0,0,0,0
2026-07-02,ATP,elo,Jakub Mensik,0,0,0,0,0
2026-07-02,ATP,elo,Francisco Cerundolo,0,0,0,0,0
2026-07-02,ATP,elo,Joao Fonseca,0,0,0,0,0
2026-07-02,ATP,elo,Jiri Lehecka,0,0,0,0,0
2026-07-02,ATP,elo,Frances Tiafoe,0,0,0,0,0
2026-07-02,ATP,elo,Taylor Fritz,0,0,0,0,0
2026-07-02,ATP,elo,Alexander Blockx,0,0,0,0,0
2026-07-02,ATP,elo,Valentin Vacherot,0,0,0,0,0
2026-07-02,ATP,elo,Andrey Rublev,0,0,0,0,0
2026-07-02,ATP,elo,Flavio Cobolli,0,0,0,0,0
2026-07-02,ATP,elo,Raphael Collignon,0,0,0,0,0
2026-07-02,ATP,elo,Alejandro Davidovich Fokina,0,0,0,0,0
2026-07-02,ATP,elo,Alexander Bublik,0,0,0,0,0
2026-07-02,ATP,elo,Lorenzo Musetti,0,0,0,0,0
2026-07-02,ATP,elo,Ugo Humbert,0,0,0,0,0
2026-07-02,ATP,elo,Tomas Machac,0,0,0,0,0
2026-07-02,ATP,elo,Dino Prizmic,0,0,0,0,0
2026-07-02,ATP,elo,Hamad Medjedovic,0,0,0,0,0
2026-07-02,ATP,elo,Brandon Nakashima,0,0,0,0,0
2026-07-02,ATP,elo,Luciano Darderi,0,0,0,0,0
2026-07-02,ATP,elo,Stefanos Tsitsipas,0,0,0,0,0
2026-07-02,ATP,elo,Matteo Berrettini,0,0,0,0,0
2026-07-02,ATP,elo,Matteo Arnaldi,0,0,0,0,0
2026-07-02,ATP,elo,Cameron Norrie,0,0,0,0,0
2026-07-02,ATP,elo,Karen Khachanov,0,0,0,0,0
2026-07-02,ATP,elo,Alex Michelsen,0,0,0,0,0
2026-07-02,ATP,elo,Jack Draper,0,0,0,0,0
2026-07-02,ATP,elo,Mariano Navone,0,0,0,0,0
2026-07-02,ATP,elo,Ignacio Buse,0,0,0,0,0
2026-07-02,ATP,elo,Alejandro Tabilo,0,0,0,0,0
2026-07-02,ATP,elo,Tomas Martin Etcheverry,0,0,0,0,0
2026-07-02,ATP,elo,Sebastian Korda,0,0,0,0,0
2026-07-02,ATP,elo,Zizou Bergs,0,0,0,0,0
2026-07-02,ATP,elo,Ethan Quinn,0,0,0,0,0
2026-07-02,ATP,elo,Gael Monfils,0,0,0,0,0
2026-07-02,ATP,elo,Kamil Majchrzak,0,0,0,0,0
2026-07-02,ATP,elo,Pablo Carreno Busta,0,0,0,0,0
2026-07-02,ATP,elo,Marin Cilic,0,0,0,0,0
2026-07-02,ATP,elo,Hubert Hurkacz,0,0,0,0,0
2026-07-02,ATP,elo,Eliot Spizzirri,0,0,0,0,0
2026-07-02,ATP,elo,Arthur Cazaux,0,0,0,0,0
2026-07-02,ATP,elo,Juan Manuel Cerundolo,0,0,0,0,0
2026-07-02,ATP,elo,Tallon Griekspoor,0,0,0,0,0
2026-07-02,ATP,elo,Fabian Marozsan,0,0,0,0,0
2026-07-02,ATP,elo,Yannick Hanfmann,0,0,0,0,0
2026-07-02,ATP,elo,Arthur Rinderknech,0,0,0,0,0
2026-07-02,ATP,elo,Jordan Thompson,0,0,0,0,0
2026-07-02,ATP,elo,Denis Shapovalov,0,0,0,0,0
2026-07-02,ATP,elo,Nuno Borges,0,0,0,0,0
2026-07-02,ATP,elo,Miomir Kecmanovic,0,0,0,0,0
2026-07-02,ATP,elo,Jaume Munar,0,0,0,0,0
2026-07-02,ATP,elo,Camilo Ugo Carabelli,0,0,0,0,0
2026-07-02,ATP,elo,Sebastian Baez,0,0,0,0,0
2026-07-02,ATP,elo,Holger Rune,0,0,0,0,0
2026-07-02,ATP,elo,Pablo Llamas Ruiz,0,0,0,0,0
2026-07-02,ATP,elo,Marton Fucsovics,0,0,0,0,0
2026-07-02,ATP,elo,Roman Safiullin,0,0,0,0,0
2026-07-02,ATP,elo,Benjamin Bonzi,0,0,0,0,0
2026-07-02,ATP,elo,Reilly Opelka,0,0,0,0,0
2026-07-02,ATP,elo,Rinky Hijikata,0,0,0,0,0
2026-07-02,ATP,elo,Juncheng Shang,0,0,0,0,0
2026-07-02,ATP,elo,Toby Samuel,0,0,0,0,0
2026-07-02,ATP,elo,Corentin Moutet,0,0,0,0,0
2026-07-02,ATP,elo,Soon Woo Kwon,0,0,0,0,0
2026-07-02,ATP,elo,Daniel Merida Aguilar,0,0,0,0,0
2026-07-02,ATP,elo,Grigor Dimitrov,0,0,0,0,0
2026-07-02,ATP,elo,Botic Van De Zandschulp,0,0,0,0,0
2026-07-02,ATP,elo,Yibing Wu,0,0,0,0,0
2026-07-02,ATP,elo,Alex Molcan,0,0,0,0,0
2026-07-02,ATP,elo,Alexei Popyrin,0,0,0,0,0
2026-07-02,ATP,elo,Thiago Agustin Tirante,0,0,0,0,0
2026-07-02,ATP,elo,Adolfo Daniel Vallejo,0,0,0,0,0
2026-07-02,ATP,elo,Vit Kopriva,0,0,0,0,0
2026-07-02,ATP,elo,Giovanni Mpetshi Perricard,0,0,0,0,0
2026-07-02,ATP,elo,Jaime Faria,0,0,0,0,0
2026-07-02,ATP,elo,Daniel Altmaier,0,0,0,0,0
2026-07-02,ATP,elo,Martin Landaluce,0,0,0,0,0
2026-07-02,ATP,elo,Nishesh Basavareddy,0,0,0,0,0
2026-07-02,ATP,elo,Arthur Fery,0,0,0,0,0
2026-07-02,ATP,elo,Mattia Bellucci,0,0,0,0,0
2026-07-02,ATP,elo,Lorenzo Sonego,0,0,0,0,0
2026-07-02,ATP,elo,Marcos Giron,0,0,0,0,0
2026-07-02,ATP,elo,Zachary Svajda,0,0,0,0,0
2026-07-02,ATP,elo,Titouan Droguet,0,0,0,0,0
2026-07-02,ATP,elo,Gabriel Diallo,0,0,0,0,0
2026-07-02,ATP,elo,Kei Nishikori,0,0,0,0,0
2026-07-02,ATP,elo,Sebastian Ofner,0,0,0,0,0
2026-07-02,ATP,elo,Roman Andres Burruchaga,0,0,0,0,0
2026-07-02,ATP,elo,Jesper De Jong,0,0,0,0,0
2026-07-02,ATP,elo,Bu Yunchaokete,0,0,0,0,0
2026-07-02,ATP,elo,Quentin Halys,0,0,0,0,0
2026-07-02,ATP,elo,Otto Virtanen,0,0,0,0,0
2026-07-02,ATP,elo,Martin Damm,0,0,0,0,0
2026-07-02,ATP,elo,Laslo Djere,0,0,0,0,0
2026-07-02,ATP,elo,Emilio Nava,0,0,0,0,0
2026-07-02,ATP,elo,Terence Atmane,0,0,0,0,0
2026-07-02,ATP,elo,Adam Walton,0,0,0,0,0
2026-07-02,ATP,elo,Luca Van Assche,0,0,0,0,0
2026-07-02,ATP,elo,Roberto Bautista Agut,0,0,0,0,0
2026-07-02,ATP,elo,Gustavo Heide,0,0,0,0,0
2026-07-02,ATP,elo,Michael Zheng,0,0,0,0,0
2026-07-02,ATP,elo,Francisco Comesana,0,0,0,0,0
2026-07-02,ATP,elo,Jenson Brooksby,0,0,0,0,0
2026-07-02,ATP,elo,Jan Lennard Struff,0,0,0,0,0
2026-07-02,ATP,elo,Leandro Riedi,0,0,0,0,0
2026-07-02,ATP,elo,Yoshihito Nishioka,0,0,0,0,0
2026-07-02,ATP,elo,Andrea Vavassori,0,0,0,0,0
2026-07-02,ATP,elo,Jan Choinski,0,0,0,0,0
2026-07-02,ATP,elo,Kyrian Jacquet,0,0,0,0,0
2026-07-02,ATP,elo,Jason Kubler,0,0,0,0,0
2026-07-02,ATP,elo,Borna Gojo,0,0,0,0,0
2026-07-02,ATP,elo,Zhizhen Zhang,0,0,0,0,0
2026-07-02,ATP,elo,Facundo Diaz Acosta,0,0,0,0,0
2026-07-02,ATP,elo,Stan Wawrinka,0,0,0,0,0
2026-07-02,ATP,elo,Henrique Rocha,0,0,0,0,0
2026-07-02,ATP,elo,Andrea Pellegrino,0,0,0,0,0
2026-07-02,ATP,elo,Adrian Mannarino,0,0,0,0,0
2026-07-02,ATP,elo,Christopher Oconnell,0,0,0,0,0
2026-07-02,ATP,elo,Sho Shimabukuro,0,0,0,0,0
2026-07-02,ATP,elo,Nikoloz Basilashvili,0,0,0,0,0
2026-07-02,ATP,elo,Alexander Shevchenko,0,0,0,0,0
2026-07-02,ATP,elo,Cristian Garin,0,0,0,0,0
2026-07-02,ATP,elo,David Goffin,0,0,0,0,0
2026-07-02,ATP,elo,Lloyd Harris,0,0,0,0,0
2026-07-02,ATP,elo,Alexandre Muller,0,0,0,0,0
2026-07-02,ATP,elo,Zsombor Piros,0,0,0,0,0
2026-07-02,ATP,elo,Nicolas Jarry,0,0,0,0,0
2026-07-02,ATP,elo,Valentin Royer,0,0,0,0,0
2026-07-02,ATP,elo,Patrick Kypson,0,0,0,0,0
2026-07-02,ATP,elo,Dalibor Svrcina,0,0,0,0,0
2026-07-02,ATP,elo,Damir Dzumhur,0,0,0,0,0
2026-07-02,ATP,elo,Hugo Dellien,0,0,0,0,0
2026-07-02,ATP,elo,Aleksandar Kovacevic,0,0,0,0,0
2026-07-02,ATP,elo,Jurij Rodionov,0,0,0,0,0
2026-07-02,ATP,elo,Roberto Carballes Baena,0,0,0,0,0
2026-07-02,ATP,elo,Stefanos Sakellaridis,0,0,0,0,0
2026-07-02,ATP,elo,Aleksandar Vukic,0,0,0,0,0
2026-07-02,ATP,elo,Federico Cina,0,0,0,0,0
2026-07-02,ATP,elo,James Duckworth,0,0,0,0,0
2026-07-02,ATP,elo,Marco Trungelliti,0,0,0,0,0
2026-07-02,ATP,elo,Hugo Gaston,0,0,0,0,0
2026-07-02,ATP,elo,Giulio Zeppieri,0,0,0,0,0
2026-07-02,ATP,elo,Chris Rodesch,0,0,0,0,0
2026-07-02,ATP,elo,Lukas Neumayer,0,0,0,0,0
2026-07-02,ATP,elo,Nicolai Budkov Kjaer,0,0,0,0,0
2026-07-02,ATP,elo,Dusan Lajovic,0,0,0,0,0
2026-07-02,ATP,elo,Kilian Feldbausch,0,0,0,0,0
2026-07-02,ATP,elo,Tomas Barrios Vera,0,0,0,0,0
2026-07-02,ATP,elo,Michael Mmoh,0,0,0,0,0
2026-07-02,ATP,elo,Dhakshineswar Suresh,0,0,0,0,0
2026-07-02,ATP,elo,Carlos Taberner,0,0,0,0,0
2026-07-02,ATP,elo,Elmer Moller,0,0,0,0,0
2026-07-02,ATP,elo,Rei Sakamoto,0,0,0,0,0
2026-07-02,ATP,elo,Pierre Hugues Herbert,0,0,0,0,0
2026-07-02,ATP,elo,Clement Tabur,0,0,0,0,0
2026-07-02,ATP,elo,Emil Ruusuvuori,0,0,0,0,0
2026-07-02,ATP,elo,Mackenzie Mcdonald,0,0,0,0,0
2026-07-02,ATP,elo,Coleman Wong,0,0,0,0,0
2026-07-02,ATP,elo,Lukas Klein,0,0,0,0,0
2026-07-02,ATP,elo,Jacob Fearnley,0,0,0,0,0
2026-07-02,ATP,elo,Jerome Kym,0,0,0,0,0
2026-07-02,ATP,elo,Luka Mikrut,0,0,0,0,0
2026-07-02,ATP,elo,Pavel Kotov,0,0,0,0,0
2026-07-02,ATP,elo,Arthur Gea,0,0,0,0,0
2026-07-02,ATP,elo,Alexis Galarneau,0,0,0,0,0
2026-07-02,ATP,elo,Francesco Passaro,0,0,0,0,0
2026-07-02,ATP,elo,Liam Draxl,0,0,0,0,0
2026-07-02,ATP,elo,Matteo Gigante,0,0,0,0,0
2026-07-02,ATP,elo,Facundo Bagnis,0,0,0,0,0
2026-07-02,ATP,elo,Liam Broady,0,0,0,0,0
2026-07-02,ATP,elo,Mark Lajal,0,0,0,0,0
2026-07-02,ATP,elo,Alex Bolt,0,0,0,0,0
2026-07-02,ATP,elo,Daniel Evans,0,0,0,0,0
2026-07-02,ATP,elo,Filip Misolic,0,0,0,0,0
2026-07-02,ATP,elo,Luca Nardi,0,0,0,0,0
2026-07-02,ATP,elo,Giles Hussey,0,0,0,0,0
2026-07-02,ATP,elo,Vitaliy Sachko,0,0,0,0,0
2026-07-02,ATP,elo,Vilius Gaubas,0,0,0,0,0
2026-07-02,ATP,elo,Jack Kennedy,0,0,0,0,0
2026-07-02,ATP,elo,Max Alcala Gurri,0,0,0,0,0
2026-07-02,ATP,elo,Pedro Martinez,0,0,0,0,0
2026-07-02,ATP,elo,Remy Bertola,0,0,0,0,0
2026-07-02,ATP,elo,Inaki Montes De La Torre,0,0,0,0,0
2026-07-02,ATP,elo,Colton Smith,0,0,0,0,0
2026-07-02,ATP,elo,Joel Schwaerzler,0,0,0,0,0
2026-07-02,ATP,elo,Marco Cecchinato,0,0,0,0,0
2026-07-02,ATP,elo,Juan Carlos Prado Angelo,0,0,0,0,0
2026-07-02,ATP,elo,Harold Mayot,0,0,0,0,0
2026-07-02,ATP,elo,Stefano Travaglia,0,0,0,0,0
2026-07-02,ATP,elo,Hynek Barton,0,0,0,0,0
2026-07-02,ATP,elo,Moise Kouame,0,0,0,0,0
2026-07-02,ATP,elo,Thiago Monteiro,0,0,0,0,0
2026-07-02,ATP,elo,Taro Daniel,0,0,0,0,0
2026-07-02,ATP,elo,Gauthier Onclin,0,0,0,0,0
2026-07-02,ATP,elo,August Holmgren,0,0,0,0,0
2026-07-02,ATP,elo,Tom Gentzsch,0,0,0,0,0
2026-07-02,ATP,elo,Nikolas Sanchez Izquierdo,0,0,0,0,0
2026-07-02,ATP,elo,Tristan Boyer,0,0,0,0,0
2026-07-02,ATP,elo,Pol Martin Tiffon,0,0,0,0,0
2026-07-02,ATP,elo,Buvaysar Gadamauri,0,0,0,0,0
2026-07-02,ATP,elo,Jack Pinnington Jones,0,0,0,0,0
2026-07-02,ATP,elo,Cedrik Marcel Stebe,0,0,0,0,0
2026-07-02,ATP,elo,Chun Hsin Tseng,0,0,0,0,0
2026-07-02,ATP,elo,Mikhail Kukushkin,0,0,0,0,0
2026-07-02,ATP,elo,Darwin Blanch,0,0,0,0,0
2026-07-02,ATP,elo,Harry Wendelken,0,0,0,0,0
2026-07-02,ATP,elo,Felix Balshaw,0,0,0,0,0
2026-07-02,ATP,elo,Tristan Schoolkate,0,0,0,0,0
2026-07-02,ATP,elo,Elias Ymer,0,0,0,0,0
2026-07-02,ATP,elo,Hugo Grenier,0,0,0,0,0
2026-07-02,ATP,elo,David Jorda Sanchis,0,0,0,0,0
2026-07-02,ATP,elo,Gianluca Cadenasso,0,0,0,0,0
2026-07-02,ATP,elo,Andrea Guerrieri,0,0,0,0,0
2026-07-02,ATP,elo,Edas Butvilas,0,0,0,0,0
2026-07-02,ATP,elo,Kimmer Coppejans,0,0,0,0,0
2026-07-02,ATP,elo,Timofey Skatov,0,0,0,0,0
2026-07-02,ATP,elo,Andre Ilagan,0,0,0,0,0
2026-07-02,ATP,elo,Sumit Nagal,0,0,0,0,0
2026-07-02,ATP,elo,Yosuke Watanuki,0,0,0,0,0
2026-07-02,ATP,elo,Henry Searle,0,0,0,0,0
2026-07-02,ATP,elo,Ilya Ivashka,0,0,0,0,0
2026-07-02,ATP,elo,Francesco Maestrelli,0,0,0,0,0
2026-07-02,ATP,elo,Federico Coria,0,0,0,0,0
2026-07-02,ATP,elo,Brandon Holt,0,0,0,0,0
2026-07-02,ATP,elo,Dali Blanch,0,0,0,0,0
2026-07-02,ATP,elo,Dominic Stricker,0,0,0,0,0
2026-07-02,ATP,elo,Jacopo Vasami,0,0,0,0,0
2026-07-02,ATP,elo,James Mccabe,0,0,0,0,0
2026-07-02,ATP,elo,Thiago Seyboth Wild,0,0,0,0,0
2026-07-02,ATP,elo,Rio Noguchi,0,0,0,0,0
2026-07-02,ATP,elo,Daniel Elahi Galan,0,0,0,0,0
2026-07-02,ATP,elo,Alexander Ritschard,0,0,0,0,0
2026-07-02,ATP,elo,Stefano Napolitano,0,0,0,0,0
2026-07-02,ATP,elo,Rodrigo Pacheco Mendez,0,0,0,0,0
2026-07-02,ATP,elo,Alejandro Moro Canas,0,0,0,0,0
2026-07-02,ATP,elo,Lautaro Midon,0,0,0,0,0
2026-07-02,ATP,elo,Petr Brunclik,0,0,0,0,0
2026-07-02,ATP,elo,Cezar Cretu,0,0,0,0,0
2026-07-02,ATP,elo,Christopher Eubanks,0,0,0,0,0
2026-07-02,ATP,elo,Daniel Rincon,0,0,0,0,0
2026-07-02,ATP,elo,Ugo Blanchet,0,0,0,0,0
2026-07-02,ATP,elo,Igor Ribeiro Marcondes,0,0,0,0,0
2026-07-02,ATP,elo,Andrej Nedic,0,0,0,0,0
2026-07-02,ATP,elo,Hamish Stewart,0,0,0,0,0
2026-07-02,ATP,elo,Clement Chidekh,0,0,0,0,0
2026-07-02,ATP,elo,Diego Dedura Palomero,0,0,0,0,0
2026-07-02,ATP,elo,Henri Squire,0,0,0,0,0
2026-07-02,ATP,elo,Luka Pavlovic,0,0,0,0,0
2026-07-02,ATP,elo,Max Schoenhaus,0,0,0,0,0
2026-07-02,ATP,elo,Billy Harris,0,0,0,0,0
2026-07-02,ATP,elo,Zdenek Kolar,0,0,0,0,0
2026-07-02,ATP,elo,Arthur Bouquier,0,0,0,0,0
2026-07-02,ATP,elo,Andres Andrade,0,0,0,0,0
2026-07-02,ATP,elo,Marc Andrea Huesler,0,0,0,0,0
2026-07-02,ATP,elo,Jay Dylan Hara Friend,0,0,0,0,0
2026-07-02,ATP,elo,Maxim Mrva,0,0,0,0,0
2026-07-02,ATP,elo,Felix Gill,0,0,0,0,0
2026-07-02,ATP,elo,Nerman Fatic,0,0,0,0,0
2026-07-02,ATP,elo,Fajing Sun,0,0,0,0,0
2026-07-02,ATP,elo,Guy Den Ouden,0,0,0,0,0
2026-07-02,ATP,elo,Franco Roncadelli,0,0,0,0,0
2026-07-02,ATP,elo,Raul Brancaccio,0,0,0,0,0
2026-07-02,ATP,elo,Gonzalo Bueno,0,0,0,0,0
2026-07-02,ATP,elo,Oliver Tarvet,0,0,0,0,0
2026-07-02,ATP,elo,Genaro Alberto Olivieri,0,0,0,0,0
2026-07-02,ATP,elo,Yu Hsiou Hsu,0,0,0,0,0
2026-07-02,ATP,elo,Hyeon Chung,0,0,0,0,0
2026-07-02,ATP,elo,Li Tu,0,0,0,0,0
2026-07-02,ATP,elo,Joao Lucas Reis Da Silva,0,0,0,0,0
2026-07-02,ATP,elo,Stefan Dostanic,0,0,0,0,0
2026-07-02,ATP,elo,Trevor Svajda,0,0,0,0,0
2026-07-02,ATP,elo,Pedro Boscardin Dias,0,0,0,0,0
2026-07-02,ATP,elo,Duje Ajdukovic,0,0,0,0,0
2026-07-02,ATP,elo,Daniil Glinka,0,0,0,0,0
2026-07-02,ATP,elo,Felipe Meligeni Alves,0,0,0,0,0
2026-07-02,ATP,elo,Nicolas Mejia,0,0,0,0,0
2026-07-02,ATP,elo,Gilles Arnaud Bailly,0,0,0,0,0
2026-07-02,ATP,elo,Shintaro Mochizuki,0,0,0,0,0
2026-07-02,ATP,elo,Antoine Ghibaudo,0,0,0,0,0
2026-07-02,ATP,elo,Bernard Tomic,0,0,0,0,0
2026-07-02,ATP,elo,Max Hans Rehberg,0,0,0,0,0
2026-07-02,ATP,elo,Nick Hardt,0,0,0,0,0
2026-07-02,ATP,elo,Norbert Gombos,0,0,0,0,0
2026-07-02,ATP,elo,Mili Poljicak,0,0,0,0,0
2026-07-02,ATP,elo,Filippo Romano,0,0,0,0,0
2026-07-02,ATP,elo,Andrej Martin,0,0,0,0,0
2026-07-02,ATP,elo,Frederico Ferreira Silva,0,0,0,0,0
2026-07-02,ATP,elo,Mees Rottgering,0,0,0,0,0
2026-07-02,ATP,elo,Mika Brunold,0,0,0,0,0
2026-07-02,ATP,elo,Yasutaka Uchiyama,0,0,0,0,0
2026-07-02,ATP,elo,Juan Manuel La Serna,0,0,0,0,0
2026-07-02,ATP,elo,Ilia Simakin,0,0,0,0,0
2026-07-02,ATP,elo,Marko Topo,0,0,0,0,0
2026-07-02,ATP,elo,Enrico Dalla Valle,0,0,0,0,0
2026-07-02,ATP,elo,Philip Henning,0,0,0,0,0
2026-07-02,ATP,elo,Matej Dodig,0,0,0,0,0
2026-07-02,ATP,elo,Mitchell Krueger,0,0,0,0,0
2026-07-02,ATP,elo,Dane Sweeny,0,0,0,0,0
2026-07-02,ATP,elo,Max Houkes,0,0,0,0,0
2026-07-02,ATP,elo,Martin Krumich,0,0,0,0,0
2026-07-02,ATP,elo,Christoph Negritu,0,0,0,0,0
2026-07-02,ATP,elo,Thomas Faurel,0,0,0,0,0
2026-07-02,ATP,elo,Jay Clarke,0,0,0,0,0
2026-07-02,ATP,elo,Javier Barranco Cosano,0,0,0,0,0
2026-07-02,ATP,elo,Oriol Roca Batalla,0,0,0,0,0
2026-07-02,ATP,elo,Petr Nesterov,0,0,0,0,0
2026-07-02,ATP,elo,Yi Zhou,0,0,0,0,0
2026-07-02,ATP,elo,Beibit Zhukayev,0,0,0,0,0
2026-07-02,ATP,elo,Laurent Lokoli,0,0,0,0,0
2026-07-02,ATP,elo,Franco Agamenone,0,0,0,0,0
2026-07-02,ATP,elo,Mats Rosenkranz,0,0,0,0,0
2026-07-02,ATP,elo,Radu Albot,0,0,0,0,0
2026-07-02,ATP,elo,Andrew Paulson,0,0,0,0,0
2026-07-02,ATP,elo,George Loffhagen,0,0,0,0,0
2026-07-02,ATP,elo,Benjamin Hassan,0,0,0,0,0
2026-07-02,ATP,elo,Eliakim Coulibaly,0,0,0,0,0
2026-07-02,ATP,elo,Marc Polmans,0,0,0,0,0
2026-07-02,ATP,elo,Yuta Shimizu,0,0,0,0,0
2026-07-02,ATP,elo,Federico Agustin Gomez,0,0,0,0,0
2026-07-02,ATP,elo,Oliver Crawford,0,0,0,0,0
2026-07-02,ATP,elo,Alex Martinez,0,0,0,0,0
2026-07-02,ATP,elo,Alexander Vasilev,0,0,0,0,0
2026-07-02,ATP,elo,Guido Ivan Justo,0,0,0,0,0
2026-07-02,ATP,elo,Johannus Monday,0,0,0,0,0
2026-07-02,ATP,elo,Alvaro Guillen Meza,0,0,0,0,0
2026-07-02,ATP,elo,Abedallah Shelbayh,0,0,0,0,0
2026-07-02,ATP,elo,Ryan Peniston,0,0,0,0,0
2026-07-02,ATP,elo,Juan Pablo Varillas,0,0,0,0,0
2026-07-02,ATP,elo,Calvin Hemery,0,0,0,0,0
2026-07-02,ATP,elo,Lilian Marmousez,0,0,0,0,0
2026-07-02,ATP,elo,Sandro Kopp,0,0,0,0,0
2026-07-02,ATP,elo,Antoine Escoffier,0,0,0,0,0
2026-07-02,ATP,elo,Daniel Michalski,0,0,0,0,0
2026-07-02,ATP,elo,Edward Winter,0,0,0,0,0
2026-07-02,ATP,elo,Dimitar Kuzmanov,0,0,0,0,0
2026-07-02,ATP,elo,Ivan Gakhov,0,0,0,0,0
2026-07-02,ATP,elo,Stefan Kozlov,0,0,0,0,0
2026-07-02,ATP,elo,Murphy Cassone,0,0,0,0,0
2026-07-02,ATP,elo,Alexander Donski,0,0,0,0,0
2026-07-02,ATP,elo,Facundo Mena,0,0,0,0,0
2026-07-02,ATP,elo,Andrea Collarini,0,0,0,0,0
2026-07-02,ATP,elo,Paul Jubb,0,0,0,0,0
2026-07-02,ATP,elo,Marat Sharipov,0,0,0,0,0
2026-07-02,ATP,elo,Sergey Fomin,0,0,0,0,0
2026-07-02,ATP,elo,Matias Soto,0,0,0,0,0
2026-07-02,ATP,elo,Keegan Smith,0,0,0,0,0
2026-07-02,ATP,elo,Jason Jung,0,0,0,0,0
2026-07-02,ATP,elo,Lorenzo Giustino,0,0,0,0,0
2026-07-02,ATP,elo,Dan Added,0,0,0,0,0
2026-07-02,ATP,elo,Matteo Martineau,0,0,0,0,0
2026-07-02,ATP,elo,Blake Ellis,0,0,0,0,0
2026-07-02,ATP,elo,Moez Echargui,0,0,0,0,0
2026-07-02,ATP,elo,Juan Pablo Ficovich,0,0,0,0,0
2026-07-02,ATP,elo,Petr Bar Biryukov,0,0,0,0,0
2026-07-02,ATP,elo,Ognjen Milic,0,0,0,0,0
2026-07-02,ATP,elo,James Trotter,0,0,0,0,0
2026-07-02,ATP,elo,Daniel Masur,0,0,0,0,0
2026-07-02,ATP,elo,Bernabe Zapata Miralles,0,0,0,0,0
2026-07-02,ATP,elo,Sascha Gueymard Wayenburg,0,0,0,0,0
2026-07-02,ATP,elo,Matheus Pucinelli De Almeida,0,0,0,0,0
2026-07-02,ATP,elo,Hady Habib,0,0,0,0,0
2026-07-02,ATP,elo,Justin Engel,0,0,0,0,0
2026-07-02,ATP,elo,Johan Alexander Rodriguez Rodriguez,0,0,0,0,0
2026-07-02,ATP,elo,Marek Gengel,0,0,0,0,0
2026-07-02,ATP,elo,Charles Broom,0,0,0,0,0
2026-07-02,ATP,elo,Tibo Colson,0,0,0,0,0
2026-07-02,ATP,elo,Tung Lin Wu,0,0,0,0,0
2026-07-02,ATP,elo,Maks Kasnikowski,0,0,0,0,0
2026-07-02,ATP,elo,Michael Geerts,0,0,0,0,0
2026-07-02,ATP,elo,Florent Bax,0,0,0,0,0
2026-07-02,ATP,elo,Francesco Forti,0,0,0,0,0
2026-07-02,ATP,elo,Manas Dhamne,0,0,0,0,0
2026-07-02,ATP,elo,Miguel Damas,0,0,0,0,0
2026-07-02,ATP,elo,Marvin Moeller,0,0,0,0,0
2026-07-02,ATP,elo,Oleg Prihodko,0,0,0,0,0
2026-07-02,ATP,elo,Hernan Casanova,0,0,0,0,0
2026-07-02,ATP,elo,Milos Karol,0,0,0,0,0
2026-07-02,ATP,elo,Luciano Emanuel Ambrogi,0,0,0,0,0
2026-07-02,ATP,elo,Alastair Gray,0,0,0,0,0
2026-07-02,ATP,elo,Philip Sekulic,0,0,0,0,0
2026-07-02,ATP,elo,Jakub Paul,0,0,0,0,0
2026-07-02,ATP,elo,Geoffrey Blancaneaux,0,0,0,0,0
2026-07-02,ATP,elo,Filip Cristian Jianu,0,0,0,0,0
2026-07-02,ATP,elo,Federico Bondioli,0,0,0,0,0
2026-07-02,ATP,elo,Rudolf Molleker,0,0,0,0,0
2026-07-02,ATP,elo,Jonas Forejtek,0,0,0,0,0
2026-07-02,ATP,elo,Dmitry Popko,0,0,0,0,0
2026-07-02,ATP,elo,Nicolas Kicker,0,0,0,0,0
2026-07-02,ATP,elo,Braden Shick,0,0,0,0,0
2026-07-02,ATP,elo,Samir Banerjee,0,0,0,0,0
2026-07-02,ATP,elo,Jie Cui,0,0,0,0,0
2026-07-02,ATP,elo,Quinn Vandecasteele,0,0,0,0,0
2026-07-02,ATP,elo,Mathys Erhard,0,0,0,0,0
2026-07-02,ATP,elo,Aidan Mayo,0,0,0,0,0
2026-07-02,ATP,elo,Khumoun Sultanov,0,0,0,0,0
2026-07-02,ATP,elo,Murkel Alejandro Dellien Velasco,0,0,0,0,0
2026-07-02,ATP,elo,Tom Paris,0,0,0,0,0
2026-07-02,ATP,elo,Tommaso Compagnucci,0,0,0,0,0
2026-07-02,ATP,elo,Denis Yevseyev,0,0,0,0,0
2026-07-02,ATP,elo,Alex Barrena,0,0,0,0,0
2026-07-02,ATP,elo,Lucio Ratti,0,0,0,0,0
2026-07-02,ATP,elo,Michele Ribecai,0,0,0,0,0
2026-07-02,ATP,elo,Alfredo Perez,0,0,0,0,0
2026-07-02,ATP,elo,Henry Bernet,0,0,0,0,0
2026-07-02,ATP,elo,Tyler Zink,0,0,0,0,0
2026-07-02,ATP,elo,Niels Visker,0,0,0,0,0
2026-07-02,ATP,elo,Gabi Adrian Boitan,0,0,0,0,0
2026-07-02,ATP,elo,Stefan Palosi,0,0,0,0,0
2026-07-02,ATP,elo,Juan Bautista Torres,0,0,0,0,0
2026-07-02,ATP,elo,Akira Santillan,0,0,0,0,0
2026-07-02,ATP,elo,Eero Vasa,0,0,0,0,0
2026-07-02,ATP,elo,Hayato Matsuoka,0,0,0,0,0
2026-07-02,ATP,elo,Gonzalo Villanueva,0,0,0,0,0
2026-07-02,ATP,elo,Carlos Sanchez Jover,0,0,0,0,0
2026-07-02,ATP,elo,Mert Alkaya,0,0,0,0,0
2026-07-02,ATP,elo,Eduardo Ribeiro,0,0,0,0,0
2026-07-02,ATP,elo,Kaichi Uchida,0,0,0,0,0
2026-07-02,ATP,elo,Nicolas Alvarez Varona,0,0,0,0,0
2026-07-02,ATP,elo,Hiroki Moriya,0,0,0,0,0
2026-07-02,ATP,elo,Justin Boulais,0,0,0,0,0
2026-07-02,ATP,elo,Alex Rybakov,0,0,0,0,0
2026-07-02,ATP,elo,Niels Mcdonald,0,0,0,0,0
2026-07-02,ATP,elo,Daniel Milavsky,0,0,0,0,0
2026-07-02,ATP,elo,Maximus Jones,0,0,0,0,0
2026-07-02,ATP,elo,Valerio Aboian,0,0,0,0,0
2026-07-02,ATP,elo,Alexandr Binda,0,0,0,0,0
2026-07-02,ATP,elo,Tai Sach,0,0,0,0,0
2026-07-02,ATP,elo,Cannon Kingsley,0,0,0,0,0
2026-07-02,ATP,elo,Luca Potenza,0,0,0,0,0
2026-07-02,ATP,elo,Sergio Callejon Hernando,0,0,0,0,0
2026-07-02,ATP,elo,Olaf Pieczkowski,0,0,0,0,0
2026-07-02,ATP,elo,Andres Martin,0,0,0,0,0
2026-07-02,ATP,elo,Mae Malige,0,0,0,0,0
2026-07-02,ATP,elo,Ioannis Xilas,0,0,0,0,0
2026-07-02,ATP,elo,Garrett Johns,0,0,0,0,0
2026-07-02,ATP,elo,Corentin Denolly,0,0,0,0,0
2026-07-02,ATP,elo,Patrick Zahraj,0,0,0,0,0
2026-07-02,ATP,elo,Santiago Fa Rodriguez Taverna,0,0,0,0,0
2026-07-02,ATP,elo,Conner Huertas Del Pino,0,0,0,0,0
2026-07-02,ATP,elo,Miguel Tobon,0,0,0,0,0
2026-07-02,ATP,elo,James Watt,0,0,0,0,0
2026-07-02,ATP,elo,Federico Arnaboldi,0,0,0,0,0
2026-07-02,ATP,elo,Masamichi Imamura,0,0,0,0,0
2026-07-02,ATP,elo,Karim Bennani,0,0,0,0,0
2026-07-02,ATP,elo,Jacopo Berrettini,0,0,0,0,0
2026-07-02,ATP,elo,Olukayode Alafia Damina Ayeni,0,0,0,0,0
2026-07-02,ATP,elo,Luis Guto Miguel,0,0,0,0,0
2026-07-02,ATP,elo,Pietro Fellin,0,0,0,0,0
2026-07-02,ATP,elo,Patrick Maloney,0,0,0,0,0
2026-07-02,ATP,elo,Viktor Durasovic,0,0,0,0,0
2026-07-02,ATP,elo,Neil Oberleitner,0,0,0,0,0
2026-07-02,ATP,elo,Robin Bertrand,0,0,0,0,0
2026-07-02,ATP,elo,Johan Nikles,0,0,0,0,0
2026-07-02,ATP,elo,Karl Poling,0,0,0,0,0
2026-07-02,ATP,elo,Blaise Bicknell,0,0,0,0,0
2026-07-02,ATP,elo,Dan Martin,0,0,0,0,0
2026-07-02,ATP,elo,Jelle Sels,0,0,0,0,0
2026-07-02,ATP,elo,Cruz Hewitt,0,0,0,0,0
2026-07-02,ATP,elo,Tsung Hao Huang,0,0,0,0,0
2026-07-02,ATP,elo,Arda Azkara,0,0,0,0,0
2026-07-02,ATP,elo,Svyatoslav Gulin,0,0,0,0,0
2026-07-02,ATP,elo,Daniel Dutra Da Silva,0,0,0,0,0
2026-07-02,ATP,elo,Sasi Kumar Mukund,0,0,0,0,0
2026-07-02,ATP,elo,Ivan Marrero Curbelo,0,0,0,0,0
2026-07-02,ATP,elo,Kaylan Bigun,0,0,0,0,0
2026-07-02,ATP,elo,Olle Wallin,0,0,0,0,0
2026-07-02,ATP,elo,Maxime Janvier,0,0,0,0,0
2026-07-02,ATP,elo,Omar Jasika,0,0,0,0,0
2026-07-02,ATP,elo,Lucas Poullain,0,0,0,0,0
2026-07-02,ATP,elo,Robert Strombachs,0,0,0,0,0
2026-07-02,ATP,elo,Carl Emil Overbeck,0,0,0,0,0
2026-07-02,ATP,elo,Alejo Sanchez Quilez,0,0,0,0,0
2026-07-02,ATP,elo,Pierluigi Basile,0,0,0,0,0
2026-07-02,ATP,elo,Kasidit Samrej,0,0,0,0,0
2026-07-02,ATP,elo,Juan Estevez,0,0,0,0,0
2026-07-02,ATP,elo,Taha Baadi,0,0,0,0,0
2026-07-02,ATP,elo,Carlo Alberto Caniato,0,0,0,0,0
2026-07-02,ATP,elo,Joaquin Aguilar Cardozo,0,0,0,0,0
2026-07-02,ATP,elo,Pedro Sakamoto,0,0,0,0,0
2026-07-02,ATP,elo,Adria Soriano Barrera,0,0,0,0,0
2026-07-02,ATP,elo,Alan Magadan,0,0,0,0,0
2026-07-02,ATP,elo,Yusuke Takahashi,0,0,0,0,0
2026-07-02,ATP,elo,Raphael Perot,0,0,0,0,0
2026-07-02,ATP,elo,Aristotelis Thanos,0,0,0,0,0
2026-07-02,ATP,elo,Christian Langmo,0,0,0,0,0
2026-07-02,ATP,elo,San Hui Sin,0,0,0,0,0
2026-07-02,ATP,elo,Max Wiskandt,0,0,0,0,0
2026-07-02,ATP,elo,Juan Alejandro Hernandez Serrano,0,0,0,0,0
2026-07-02,ATP,elo,Gabriele Piraino,0,0,0,0,0
2026-07-02,ATP,elo,Bor Artnak,0,0,0,0,0
2026-07-02,ATP,elo,Mateus Alves,0,0,0,0,0
2026-07-02,ATP,elo,Naoya Honda,0,0,0,0,0
2026-07-02,ATP,elo,Aryan Shah,0,0,0,0,0
2026-07-02,ATP,elo,Filip Peliwo,0,0,0,0,0
2026-07-02,ATP,elo,Juan Sebastian Gomez,0,0,0,0,0
2026-07-02,ATP,elo,Renta Tokuda,0,0,0,0,0
2026-07-02,ATP,elo,Vadym Ursu,0,0,0,0,0
2026-07-02,ATP,elo,Saba Purtseladze,0,0,0,0,0
2026-07-02,ATP,elo,Lorenzo Joaquin Rodriguez,0,0,0,0,0
2026-07-02,ATP,elo,Dominik Palan,0,0,0,0,0
2026-07-02,ATP,elo,Moerani Bouzige,0,0,0,0,0
2026-07-02,ATP,elo,Kokoro Isomura,0,0,0,0,0
2026-07-02,ATP,elo,Joao Eduardo Schiessl,0,0,0,0,0
2026-07-02,ATP,elo,Carlos Maria Zarate,0,0,0,0,0
2026-07-02,ATP,elo,Andrew Fenty,0,0,0,0,0
2026-07-02,ATP,elo,Mariano Kestelboim,0,0,0,0,0
2026-07-02,ATP,elo,Mitsuki Wei Kang Leong,0,0,0,0,0
2026-07-02,ATP,elo,Tomasz Berkieta,0,0,0,0,0
2026-07-02,ATP,elo,Ryan Dickerson,0,0,0,0,0
2026-07-02,ATP,elo,Sebastian Gima,0,0,0,0,0
2026-07-02,ATP,elo,Tiago Pereira,0,0,0,0,0
2026-07-02,ATP,elo,Luca Castelnuovo,0,0,0,0,0
2026-07-02,ATP,elo,Lorenzo Carboni,0,0,0,0,0
2026-07-02,ATP,elo,Paulo Andre Saraiva Dos Santos,0,0,0,0,0
2026-07-02,ATP,elo,Bruno Fernandez,0,0,0,0,0
2026-07-02,ATP,elo,Nicolas Villalon,0,0,0,0,0
2026-07-02,ATP,elo,Karan Singh,0,0,0,0,0
2026-07-02,ATP,elo,Jake Delaney,0,0,0,0,0
2026-07-02,ATP,elo,Santiago De La Fuente,0,0,0,0,0
2026-07-02,ATP,elo,Maximo Zeitune,0,0,0,0,0
2026-07-02,WTA,elo,,0,0,0,0,0
2026-07-02,WTA,elo,Player,0,0,0,0,0
2026-07-02,WTA,elo,Aryna Sabalenka,0,0,0,0,0
2026-07-02,WTA,elo,Elena Rybakina,0,0,0,0,0
2026-07-02,WTA,elo,Jessica Pegula,0,0,0,0,0
2026-07-02,WTA,elo,Mirra Andreeva,0,0,0,0,0
2026-07-02,WTA,elo,Coco Gauff,0,0,0,0,0
2026-07-02,WTA,elo,Elina Svitolina,0,0,0,0,0
2026-07-02,WTA,elo,Karolina Muchova,0,0,0,0,0
2026-07-02,WTA,elo,Iga Swiatek,0,0,0,0,0
2026-07-02,WTA,elo,Marta Kostyuk,0,0,0,0,0
2026-07-02,WTA,elo,Victoria Mboko,0,0,0,0,0
2026-07-02,WTA,elo,Belinda Bencic,0,0,0,0,0
2026-07-02,WTA,elo,Naomi Osaka,0,0,0,0,0
2026-07-02,WTA,elo,Madison Keys,0,0,0,0,0
2026-07-02,WTA,elo,Linda Noskova,0,0,0,0,0
2026-07-02,WTA,elo,Sorana Cirstea,0,0,0,0,0
2026-07-02,WTA,elo,Amanda Anisimova,0,0,0,0,0
2026-07-02,WTA,elo,Anna Kalinskaya,0,0,0,0,0
2026-07-02,WTA,elo,Marketa Vondrousova,0,0,0,0,0
2026-07-02,WTA,elo,Iva Jovic,0,0,0,0,0
2026-07-02,WTA,elo,Jasmine Paolini,0,0,0,0,0
2026-07-02,WTA,elo,Anastasia Potapova,0,0,0,0,0
2026-07-02,WTA,elo,Alexandra Eala,0,0,0,0,0
2026-07-02,WTA,elo,Elise Mertens,0,0,0,0,0
2026-07-02,WTA,elo,Diana Shnaider,0,0,0,0,0
2026-07-02,WTA,elo,Sonay Kartal,0,0,0,0,0
2026-07-02,WTA,elo,Barbora Krejcikova,0,0,0,0,0
2026-07-02,WTA,elo,Marie Bouzkova,0,0,0,0,0
2026-07-02,WTA,elo,Karolina Pliskova,0,0,0,0,0
2026-07-02,WTA,elo,Emma Navarro,0,0,0,0,0
2026-07-02,WTA,elo,Jelena Ostapenko,0,0,0,0,0
2026-07-02,WTA,elo,Qinwen Zheng,0,0,0,0,0
2026-07-02,WTA,elo,Elena Gabriela Ruse,0,0,0,0,0
2026-07-02,WTA,elo,Katerina Siniakova,0,0,0,0,0
2026-07-02,WTA,elo,Ekaterina Alexandrova,0,0,0,0,0
2026-07-02,WTA,elo,Hailey Baptiste,0,0,0,0,0
2026-07-02,WTA,elo,Veronika Kudermetova,0,0,0,0,0
2026-07-02,WTA,elo,Emma Raducanu,0,0,0,0,0
2026-07-02,WTA,elo,Jaqueline Cristian,0,0,0,0,0
2026-07-02,WTA,elo,Maja Chwalinska,0,0,0,0,0
2026-07-02,WTA,elo,Magda Linette,0,0,0,0,0
2026-07-02,WTA,elo,Katie Boulter,0,0,0,0,0
2026-07-02,WTA,elo,Anhelina Kalinina,0,0,0,0,0
2026-07-02,WTA,elo,Taylor Townsend,0,0,0,0,0
2026-07-02,WTA,elo,Olga Danilovic,0,0,0,0,0
2026-07-02,WTA,elo,Tereza Valentova,0,0,0,0,0
2026-07-02,WTA,elo,Caty Mcnally,0,0,0,0,0
2026-07-02,WTA,elo,Maria Sakkari,0,0,0,0,0
2026-07-02,WTA,elo,Varvara Gracheva,0,0,0,0,0
2026-07-02,WTA,elo,Mccartney Kessler,0,0,0,0,0
2026-07-02,WTA,elo,Donna Vekic,0,0,0,0,0
2026-07-02,WTA,elo,Camila Osorio,0,0,0,0,0
2026-07-02,WTA,elo,Ann Li,0,0,0,0,0
2026-07-02,WTA,elo,Leylah Fernandez,0,0,0,0,0
2026-07-02,WTA,elo,Yulia Putintseva,0,0,0,0,0
2026-07-02,WTA,elo,Elisabetta Cocciaretto,0,0,0,0,0
2026-07-02,WTA,elo,Peyton Stearns,0,0,0,0,0
2026-07-02,WTA,elo,Clara Tauson,0,0,0,0,0
2026-07-02,WTA,elo,Zeynep Sonmez,0,0,0,0,0
2026-07-02,WTA,elo,Daria Kasatkina,0,0,0,0,0
2026-07-02,WTA,elo,Dayana Yastremska,0,0,0,0,0
2026-07-02,WTA,elo,Eva Lys,0,0,0,0,0
2026-07-02,WTA,elo,Ashlyn Krueger,0,0,0,0,0
2026-07-02,WTA,elo,Nikola Bartunkova,0,0,0,0,0
2026-07-02,WTA,elo,Katie Volynets,0,0,0,0,0
2026-07-02,WTA,elo,Solana Sierra,0,0,0,0,0
2026-07-02,WTA,elo,Daria Snigur,0,0,0,0,0
2026-07-02,WTA,elo,Paula Badosa,0,0,0,0,0
2026-07-02,WTA,elo,Sara Bejlek,0,0,0,0,0
2026-07-02,WTA,elo,Liudmila Samsonova,0,0,0,0,0
2026-07-02,WTA,elo,Viktorija Golubic,0,0,0,0,0
2026-07-02,WTA,elo,Anastasia Pavlyuchenkova,0,0,0,0,0
2026-07-02,WTA,elo,Oleksandra Oliynykova,0,0,0,0,0
2026-07-02,WTA,elo,Rebeka Masarova,0,0,0,0,0
2026-07-02,WTA,elo,Xiyu Wang,0,0,0,0,0
2026-07-02,WTA,elo,Irina Camelia Begu,0,0,0,0,0
2026-07-02,WTA,elo,Laura Siegemund,0,0,0,0,0
2026-07-02,WTA,elo,Xin Yu Wang,0,0,0,0,0
2026-07-02,WTA,elo,Yuliia Starodubtseva,0,0,0,0,0
2026-07-02,WTA,elo,Kaitlin Quevedo,0,0,0,0,0
2026-07-02,WTA,elo,Kimberly Birrell,0,0,0,0,0
2026-07-02,WTA,elo,Diane Parry,0,0,0,0,0
2026-07-02,WTA,elo,Petra Marcinko,0,0,0,0,0
2026-07-02,WTA,elo,Ajla Tomljanovic,0,0,0,0,0
2026-07-02,WTA,elo,Anastasia Zakharova,0,0,0,0,0
2026-07-02,WTA,elo,Antonia Ruzic,0,0,0,0,0
2026-07-02,WTA,elo,Robin Montgomery,0,0,0,0,0
2026-07-02,WTA,elo,Talia Gibson,0,0,0,0,0
2026-07-02,WTA,elo,Sinja Kraus,0,0,0,0,0
2026-07-02,WTA,elo,Anna Bondar,0,0,0,0,0
2026-07-02,WTA,elo,Lois Boisson,0,0,0,0,0
2026-07-02,WTA,elo,Polina Kudermetova,0,0,0,0,0
2026-07-02,WTA,elo,Aliaksandra Sasnovich,0,0,0,0,0
2026-07-02,WTA,elo,Magdalena Frech,0,0,0,0,0
2026-07-02,WTA,elo,Alina Korneeva,0,0,0,0,0
2026-07-02,WTA,elo,Greet Minnen,0,0,0,0,0
2026-07-02,WTA,elo,Cristina Bucsa,0,0,0,0,0
2026-07-02,WTA,elo,Jessica Bouzas Maneiro,0,0,0,0,0
2026-07-02,WTA,elo,Anastasija Sevastova,0,0,0,0,0
2026-07-02,WTA,elo,Shuai Zhang,0,0,0,0,0
2026-07-02,WTA,elo,Mia Pohankova,0,0,0,0,0
2026-07-02,WTA,elo,Marina Stakusic,0,0,0,0,0
2026-07-02,WTA,elo,Yafan Wang,0,0,0,0,0
2026-07-02,WTA,elo,Tatjana Maria,0,0,0,0,0
2026-07-02,WTA,elo,Bianca Andreescu,0,0,0,0,0
2026-07-02,WTA,elo,Mananchaya Sawangkaew,0,0,0,0,0
2026-07-02,WTA,elo,Kaja Juvan,0,0,0,0,0
2026-07-02,WTA,elo,Maria Timofeeva,0,0,0,0,0
2026-07-02,WTA,elo,Anna Blinkova,0,0,0,0,0
2026-07-02,WTA,elo,Sofia Kenin,0,0,0,0,0
2026-07-02,WTA,elo,Elina Avanesyan,0,0,0,0,0
2026-07-02,WTA,elo,Alina Charaeva,0,0,0,0,0
2026-07-02,WTA,elo,Kamilla Rakhimova,0,0,0,0,0
2026-07-02,WTA,elo,Vera Zvonareva,0,0,0,0,0
2026-07-02,WTA,elo,Laura Samson,0,0,0,0,0
2026-07-02,WTA,elo,Hanne Vandewinkel,0,0,0,0,0
2026-07-02,WTA,elo,Jil Teichmann,0,0,0,0,0
2026-07-02,WTA,elo,Mayar Sherif,0,0,0,0,0
2026-07-02,WTA,elo,Lilli Tagger,0,0,0,0,0
2026-07-02,WTA,elo,Sloane Stephens,0,0,0,0,0
2026-07-02,WTA,elo,Kristina Liutova,0,0,0,0,0
2026-07-02,WTA,elo,Panna Udvardy,0,0,0,0,0
2026-07-02,WTA,elo,Storm Hunter,0,0,0,0,0
2026-07-02,WTA,elo,Moyuka Uchijima,0,0,0,0,0
2026-07-02,WTA,elo,Lanlana Tararudee,0,0,0,0,0
2026-07-02,WTA,elo,Dalma Galfi,0,0,0,0,0
2026-07-02,WTA,elo,Darja Vidmanova,0,0,0,0,0
2026-07-02,WTA,elo,Lin Zhu,0,0,0,0,0
2026-07-02,WTA,elo,Tatiana Prozorova,0,0,0,0,0
2026-07-02,WTA,elo,Caroline Dolehide,0,0,0,0,0
2026-07-02,WTA,elo,Tyra Caterina Grant,0,0,0,0,0
2026-07-02,WTA,elo,Emerson Jones,0,0,0,0,0
2026-07-02,WTA,elo,Celine Naef,0,0,0,0,0
2026-07-02,WTA,elo,Oksana Selekhmeteva,0,0,0,0,0
2026-07-02,WTA,elo,Simona Waltert,0,0,0,0,0
2026-07-02,WTA,elo,Claire Liu,0,0,0,0,0
2026-07-02,WTA,elo,Tamara Korpatsch,0,0,0,0,0
2026-07-02,WTA,elo,Katarzyna Kawa,0,0,0,0,0
2026-07-02,WTA,elo,Sara Sorribes Tormo,0,0,0,0,0
2026-07-02,WTA,elo,Renata Zarazua,0,0,0,0,0
2026-07-02,WTA,elo,Fiona Ferro,0,0,0,0,0
2026-07-02,WTA,elo,Maya Joint,0,0,0,0,0
2026-07-02,WTA,elo,Janice Tjen,0,0,0,0,0
2026-07-02,WTA,elo,Mary Stoiana,0,0,0,0,0
2026-07-02,WTA,elo,Tamara Zidansek,0,0,0,0,0
2026-07-02,WTA,elo,Venus Williams,0,0,0,0,0
2026-07-02,WTA,elo,Darja Semenistaja,0,0,0,0,0
2026-07-02,WTA,elo,Rebecca Sramkova,0,0,0,0,0
2026-07-02,WTA,elo,Leolia Jeanjean,0,0,0,0,0
2026-07-02,WTA,elo,Alycia Parks,0,0,0,0,0
2026-07-02,WTA,elo,Jeline Vandromme,0,0,0,0,0
2026-07-02,WTA,elo,Anca Alexia Todoni,0,0,0,0,0
2026-07-02,WTA,elo,Lulu Sun,0,0,0,0,0
2026-07-02,WTA,elo,Yue Yuan,0,0,0,0,0
2026-07-02,WTA,elo,Veronika Erjavec,0,0,0,0,0
2026-07-02,WTA,elo,Viktoriya Tomova,0,0,0,0,0
2026-07-02,WTA,elo,Rebecca Marino,0,0,0,0,0
2026-07-02,WTA,elo,Hanyu Guo,0,0,0,0,0
2026-07-02,WTA,elo,Linda Fruhvirtova,0,0,0,0,0
2026-07-02,WTA,elo,Noma Noha Akugue,0,0,0,0,0
2026-07-02,WTA,elo,Emiliana Arango,0,0,0,0,0
2026-07-02,WTA,elo,Susan Bandecchi,0,0,0,0,0
2026-07-02,WTA,elo,Suzan Lamens,0,0,0,0,0
2026-07-02,WTA,elo,Lucia Bronzetti,0,0,0,0,0
2026-07-02,WTA,elo,Veronika Podrez,0,0,0,0,0
2026-07-02,WTA,elo,Francesca Jones,0,0,0,0,0
2026-07-02,WTA,elo,Andrea Lazaro Garcia,0,0,0,0,0
2026-07-02,WTA,elo,Dominika Salkova,0,0,0,0,0
2026-07-02,WTA,elo,Leyre Romero Gormaz,0,0,0,0,0
2026-07-02,WTA,elo,Ella Seidel,0,0,0,0,0
2026-07-02,WTA,elo,Beatriz Haddad Maia,0,0,0,0,0
2026-07-02,WTA,elo,Guiomar Maristany Zuleta De Reales,0,0,0,0,0
2026-07-02,WTA,elo,Julia Grabher,0,0,0,0,0
2026-07-02,WTA,elo,Elsa Jacquemot,0,0,0,0,0
2026-07-02,WTA,elo,Himeno Sakatsume,0,0,0,0,0
2026-07-02,WTA,elo,Marina Bassols Ribera,0,0,0,0,0
2026-07-02,WTA,elo,Vendula Valdmannova,0,0,0,0,0
2026-07-02,WTA,elo,Alisa Oktiabreva,0,0,0,0,0
2026-07-02,WTA,elo,Polina Iatcenko,0,0,0,0,0
2026-07-02,WTA,elo,Lisa Pigato,0,0,0,0,0
2026-07-02,WTA,elo,Martyna Kubka,0,0,0,0,0
2026-07-02,WTA,elo,Taylah Preston,0,0,0,0,0
2026-07-02,WTA,elo,Victoria Jimenez Kasintseva,0,0,0,0,0
2026-07-02,WTA,elo,Harriet Dart,0,0,0,0,0
2026-07-02,WTA,elo,Kayla Day,0,0,0,0,0
2026-07-02,WTA,elo,Carson Branstine,0,0,0,0,0
2026-07-02,WTA,elo,Akasha Urhobo,0,0,0,0,0
2026-07-02,WTA,elo,Fiona Crawley,0,0,0,0,0
2026-07-02,WTA,elo,Maddison Inglis,0,0,0,0,0
2026-07-02,WTA,elo,Polona Hercog,0,0,0,0,0
2026-07-02,WTA,elo,Priscilla Hon,0,0,0,0,0
2026-07-02,WTA,elo,Tereza Martincova,0,0,0,0,0
2026-07-02,WTA,elo,Harmony Tan,0,0,0,0,0
2026-07-02,WTA,elo,Zhuoxuan Bai,0,0,0,0,0
2026-07-02,WTA,elo,Jana Fett,0,0,0,0,0
2026-07-02,WTA,elo,Francesca Curmi,0,0,0,0,0
2026-07-02,WTA,elo,Jessika Ponchet,0,0,0,0,0
2026-07-02,WTA,elo,Varvara Lepchenko,0,0,0,0,0
2026-07-02,WTA,elo,Jennifer Ruggeri,0,0,0,0,0
2026-07-02,WTA,elo,Madison Brengle,0,0,0,0,0
2026-07-02,WTA,elo,Linda Klimovicova,0,0,0,0,0
2026-07-02,WTA,elo,Heather Watson,0,0,0,0,0
2026-07-02,WTA,elo,Anna Lena Friedsam,0,0,0,0,0
2026-07-02,WTA,elo,Elvina Kalieva,0,0,0,0,0
2026-07-02,WTA,elo,Olivia Gadecki,0,0,0,0,0
2026-07-02,WTA,elo,Renata Jamrichova,0,0,0,0,0
2026-07-02,WTA,elo,Sofia Costoulas,0,0,0,0,0
2026-07-02,WTA,elo,Julia Riera,0,0,0,0,0
2026-07-02,WTA,elo,Elena Pridankina,0,0,0,0,0
2026-07-02,WTA,elo,Nao Hibino,0,0,0,0,0
2026-07-02,WTA,elo,Anna Siskova,0,0,0,0,0
2026-07-02,WTA,elo,Lola Radivojevic,0,0,0,0,0
2026-07-02,WTA,elo,Katie Swan,0,0,0,0,0
2026-07-02,WTA,elo,En Shuo Liang,0,0,0,0,0
2026-07-02,WTA,elo,Erika Andreeva,0,0,0,0,0
2026-07-02,WTA,elo,Mona Barthel,0,0,0,0,0
2026-07-02,WTA,elo,Elizara Yaneva,0,0,0,0,0
2026-07-02,WTA,elo,Aoi Ito,0,0,0,0,0
2026-07-02,WTA,elo,Hayu Kinoshita,0,0,0,0,0
2026-07-02,WTA,elo,Federica Urgesi,0,0,0,0,0
2026-07-02,WTA,elo,Lucie Havlickova,0,0,0,0,0
2026-07-02,WTA,elo,Kajsa Rinaldo Persson,0,0,0,0,0
2026-07-02,WTA,elo,Iryna Shymanovich,0,0,0,0,0
2026-07-02,WTA,elo,Carol Young Suh Lee,0,0,0,0,0
2026-07-02,WTA,elo,Katarina Zavatska,0,0,0,0,0
2026-07-02,WTA,elo,Oceane Dodin,0,0,0,0,0
2026-07-02,WTA,elo,Anouk Koevermans,0,0,0,0,0
2026-07-02,WTA,elo,Carole Monnet,0,0,0,0,0
2026-07-02,WTA,elo,Eva Vedder,0,0,0,0,0
2026-07-02,WTA,elo,Joanna Garland,0,0,0,0,0
2026-07-02,WTA,elo,Zarina Diyas,0,0,0,0,0
2026-07-02,WTA,elo,Anastasiya Soboleva,0,0,0,0,0
2026-07-02,WTA,elo,Savannah Broadus,0,0,0,0,0
2026-07-02,WTA,elo,Teodora Kostovic,0,0,0,0,0
2026-07-02,WTA,elo,Luisina Giovannini,0,0,0,0,0
2026-07-02,WTA,elo,Elizabeth Mandlik,0,0,0,0,0
2026-07-02,WTA,elo,Zongyu Li,0,0,0,0,0
2026-07-02,WTA,elo,Lucrezia Stefanini,0,0,0,0,0
2026-07-02,WTA,elo,Lisa Zaar,0,0,0,0,0
2026-07-02,WTA,elo,Francisca Jorge,0,0,0,0,0
2026-07-02,WTA,elo,Jazmin Ortenzi,0,0,0,0,0
2026-07-02,WTA,elo,Ayla Aksu,0,0,0,0,0
2026-07-02,WTA,elo,Yeon Woo Ku,0,0,0,0,0
2026-07-02,WTA,elo,Gabriela Andrea Knutson,0,0,0,0,0
2026-07-02,WTA,elo,Viktoria Hruncakova,0,0,0,0,0
2026-07-02,WTA,elo,Sachia Vickery,0,0,0,0,0
2026-07-02,WTA,elo,Alexandra Shubladze,0,0,0,0,0
2026-07-02,WTA,elo,Julia Avdeeva,0,0,0,0,0
2026-07-02,WTA,elo,Astra Sharma,0,0,0,0,0
2026-07-02,WTA,elo,Arantxa Rus,0,0,0,0,0
2026-07-02,WTA,elo,Darya Astakhova,0,0,0,0,0
2026-07-02,WTA,elo,Aliona Falei,0,0,0,0,0
2026-07-02,WTA,elo,Mika Stojsavljevic,0,0,0,0,0
2026-07-02,WTA,elo,Clervie Ngounoue,0,0,0,0,0
2026-07-02,WTA,elo,Emina Bektas,0,0,0,0,0
2026-07-02,WTA,elo,Aliona Bolsova,0,0,0,0,0
2026-07-02,WTA,elo,Caijsa Wilda Hennemann,0,0,0,0,0
2026-07-02,WTA,elo,Amandine Monnot,0,0,0,0,0
2026-07-02,WTA,elo,Rada Zolotareva,0,0,0,0,0
2026-07-02,WTA,elo,Alevtina Ibragimova,0,0,0,0,0
2026-07-02,WTA,elo,Cadence Brace,0,0,0,0,0
2026-07-02,WTA,elo,Julieta Pareja,0,0,0,0,0
2026-07-02,WTA,elo,Xinyu Gao,0,0,0,0,0
2026-07-02,WTA,elo,Mia Ristic,0,0,0,0,0
2026-07-02,WTA,elo,Katrina Scott,0,0,0,0,0
2026-07-02,WTA,elo,Tiantsoa Sarah Rakotomanga Rajaonah,0,0,0,0,0
2026-07-02,WTA,elo,Elena Ruxandra Bertea,0,0,0,0,0
2026-07-02,WTA,elo,Nuria Brancaccio,0,0,0,0,0
2026-07-02,WTA,elo,Destanee Aiava,0,0,0,0,0
2026-07-02,WTA,elo,Valentina Ryser,0,0,0,0,0
2026-07-02,WTA,elo,Anastasia Gasanova,0,0,0,0,0
2026-07-02,WTA,elo,Whitney Osuigwe,0,0,0,0,0
2026-07-02,WTA,elo,Alice Tubello,0,0,0,0,0
2026-07-02,WTA,elo,Samira De Stefano,0,0,0,0,0
2026-07-02,WTA,elo,Maria Lourdes Carle,0,0,0,0,0
2026-07-02,WTA,elo,Hannah Klugman,0,0,0,0,0
2026-07-02,WTA,elo,Eva Guerrero Alvarez,0,0,0,0,0
2026-07-02,WTA,elo,Mai Hontama,0,0,0,0,0
2026-07-02,WTA,elo,Mariam Bolkvadze,0,0,0,0,0
2026-07-02,WTA,elo,Chloe Paquet,0,0,0,0,0
2026-07-02,WTA,elo,Ekaterine Gorgodze,0,0,0,0,0
2026-07-02,WTA,elo,Arina Rodionova,0,0,0,0,0
2026-07-02,WTA,elo,Laura Pigossi,0,0,0,0,0
2026-07-02,WTA,elo,Alexis Blokhina,0,0,0,0,0
2026-07-02,WTA,elo,Louisa Chirico,0,0,0,0,0
2026-07-02,WTA,elo,Anastasia Zolotareva,0,0,0,0,0
2026-07-02,WTA,elo,Despina Papamichail,0,0,0,0,0
2026-07-02,WTA,elo,Tara Wurth,0,0,0,0,0
2026-07-02,WTA,elo,Lina Gjorcheska,0,0,0,0,0
2026-07-02,WTA,elo,Fangran Tian,0,0,0,0,0
2026-07-02,WTA,elo,Vitalia Diatchenko,0,0,0,0,0
2026-07-02,WTA,elo,Jana Kovackova,0,0,0,0,0
2026-07-02,WTA,elo,Ena Shibahara,0,0,0,0,0
2026-07-02,WTA,elo,Gina Feistel,0,0,0,0,0
2026-07-02,WTA,elo,Martina Trevisan,0,0,0,0,0
2026-07-02,WTA,elo,Xiaodi You,0,0,0,0,0
2026-07-02,WTA,elo,Silvia Ambrosio,0,0,0,0,0
2026-07-02,WTA,elo,Lucie Nguyen Tan,0,0,0,0,0
2026-07-02,WTA,elo,Arianne Hartono,0,0,0,0,0
2026-07-02,WTA,elo,Lizette Cabrera,0,0,0,0,0
2026-07-02,WTA,elo,Camilla Rosatello,0,0,0,0,0
2026-07-02,WTA,elo,Sada Nahimana,0,0,0,0,0
2026-07-02,WTA,elo,Ye Xin Ma,0,0,0,0,0
2026-07-02,WTA,elo,Xinxin Yao,0,0,0,0,0
2026-07-02,WTA,elo,Deborah Chiesa,0,0,0,0,0
2026-07-02,WTA,elo,Matilde Jorge,0,0,0,0,0
2026-07-02,WTA,elo,Mei Yamaguchi,0,0,0,0,0
2026-07-02,WTA,elo,Tessah Andrianjafitrimo,0,0,0,0,0
2026-07-02,WTA,elo,Alicia Dudeney,0,0,0,0,0
2026-07-02,WTA,elo,Yasmine Kabbaj,0,0,0,0,0
2026-07-02,WTA,elo,Angela Fita Boluda,0,0,0,0,0
2026-07-02,WTA,elo,Alessandra Mazzola,0,0,0,0,0
2026-07-02,WTA,elo,Ane Mintegi Del Olmo,0,0,0,0,0
2026-07-02,WTA,elo,Selena Janicijevic,0,0,0,0,0
2026-07-02,WTA,elo,Kyoka Okamura,0,0,0,0,0
2026-07-02,WTA,elo,Ella Mcdonald,0,0,0,0,0
2026-07-02,WTA,elo,Amandine Hesse,0,0,0,0,0
2026-07-02,WTA,elo,Caroline Uebelhoer,0,0,0,0,0
2026-07-02,WTA,elo,Kayla Cross,0,0,0,0,0
2026-07-02,WTA,elo,Vivian Wolff,0,0,0,0,0
2026-07-02,WTA,elo,Kathinka Von Deichmann,0,0,0,0,0
2026-07-02,WTA,elo,Amarni Banks,0,0,0,0,0
2026-07-02,WTA,elo,Ekaterina Reyngold,0,0,0,0,0
2026-07-02,WTA,elo,Kristina Mladenovic,0,0,0,0,0
2026-07-02,WTA,elo,Haruka Kaji,0,0,0,0,0
2026-07-02,WTA,elo,Anastasia Kulikova,0,0,0,0,0
2026-07-02,WTA,elo,Sijia Wei,0,0,0,0,0
2026-07-02,WTA,elo,Jule Niemeier,0,0,0,0,0
2026-07-02,WTA,elo,Amarissa Kiara Toth,0,0,0,0,0
2026-07-02,WTA,elo,Lidia Encheva,0,0,0,0,0
2026-07-02,WTA,elo,Margaux Rouvroy,0,0,0,0,0
2026-07-02,WTA,elo,Angelina Voloshchuk,0,0,0,0,0
2026-07-02,WTA,elo,Varvara Panshina,0,0,0,0,0
2026-07-02,WTA,elo,Maria Sara Popa,0,0,0,0,0
2026-07-02,WTA,elo,Lea Boskovic,0,0,0,0,0
2026-07-02,WTA,elo,Katherine Sebov,0,0,0,0,0
2026-07-02,WTA,elo,Mingge Xu,0,0,0,0,0
2026-07-02,WTA,elo,Julie Struplova,0,0,0,0,0
2026-07-02,WTA,elo,Zhibek Kulambayeva,0,0,0,0,0
2026-07-02,WTA,elo,Tina Nadine Smith,0,0,0,0,0
2026-07-02,WTA,elo,Martha Matoula,0,0,0,0,0
2026-07-02,WTA,elo,Berfu Cengiz,0,0,0,0,0
2026-07-02,WTA,elo,Elena Micic,0,0,0,0,0
2026-07-02,WTA,elo,Nastasja Schunk,0,0,0,0,0
2026-07-02,WTA,elo,Nuria Parrizas Diaz,0,0,0,0,0
2026-07-02,WTA,elo,Julie Belgraver,0,0,0,0,0
2026-07-02,WTA,elo,Malaika Rapolu,0,0,0,0,0
2026-07-02,WTA,elo,Anouck Vrancken Peeters,0,0,0,0,0
2026-07-02,WTA,elo,Hiromi Abe,0,0,0,0,0
2026-07-02,WTA,elo,Monika Ekstrand,0,0,0,0,0
2026-07-02,WTA,elo,Sofya Lansere,0,0,0,0,0
2026-07-02,WTA,elo,Sara Saito,0,0,0,0,0
2026-07-02,WTA,elo,Sohyun Park,0,0,0,0,0
2026-07-02,WTA,elo,Carol Zhao,0,0,0,0,0
2026-07-02,WTA,elo,Ylena In Albon,0,0,0,0,0
2026-07-02,WTA,elo,Dalila Jakupovic,0,0,0,0,0
2026-07-02,WTA,elo,Yuriko Miyazaki,0,0,0,0,0
2026-07-02,WTA,elo,Tessa Johanna Brockmann,0,0,0,0,0
2026-07-02,WTA,elo,Weronika Ewald,0,0,0,0,0
2026-07-02,WTA,elo,Sayaka Ishii,0,0,0,0,0
2026-07-02,WTA,elo,Eryn Cayetano,0,0,0,0,0
2026-07-02,WTA,elo,Viktoria Morvayova,0,0,0,0,0
2026-07-02,WTA,elo,Su Jeong Jang,0,0,0,0,0
2026-07-02,WTA,elo,Lea Ma,0,0,0,0,0
2026-07-02,WTA,elo,Miho Kuramochi,0,0,0,0,0
2026-07-02,WTA,elo,Yuki Naito,0,0,0,0,0
2026-07-02,WTA,elo,Mina Hodzic,0,0,0,0,0
2026-07-02,WTA,elo,Eva Bennemann,0,0,0,0,0
2026-07-02,WTA,elo,Ayana Akli,0,0,0,0,0
2026-07-02,WTA,elo,Lina Glushko,0,0,0,0,0
2026-07-02,WTA,elo,Barbora Palicova,0,0,0,0,0
2026-07-02,WTA,elo,Ipek Oz,0,0,0,0,0
2026-07-02,WTA,elo,Elena Malygina,0,0,0,0,0
2026-07-02,WTA,elo,Dalila Spiteri,0,0,0,0,0
2026-07-02,WTA,elo,Gabriela Lee,0,0,0,0,0
2026-07-02,WTA,elo,Ekaterina Kazionova,0,0,0,0,0
2026-07-02,WTA,elo,Irene Burillo Escorihuela,0,0,0,0,0
2026-07-02,WTA,elo,Yidi Yang,0,0,0,0,0
2026-07-02,WTA,elo,Kristiana Sidorova,0,0,0,0,0
2026-07-02,WTA,elo,Misaki Matsuda,0,0,0,0,0
2026-07-02,WTA,elo,Ena Koike,0,0,0,0,0
2026-07-02,WTA,elo,Hibah Shaikh,0,0,0,0,0
2026-07-02,WTA,elo,Miriam Bianca Bulgaru,0,0,0,0,0
2026-07-02,WTA,elo,Tatiana Pieri,0,0,0,0,0
2026-07-02,WTA,elo,Mell Elizabeth Reasco Gonzalez,0,0,0,0,0
2026-07-02,WTA,elo,Usue Maitane Arconada,0,0,0,0,0
2026-07-02,WTA,elo,Yufei Ren,0,0,0,0,0
2026-07-02,WTA,elo,Martina Capurro Taborda,0,0,0,0,0
2026-07-02,WTA,elo,Natsumi Kawaguchi,0,0,0,0,0
2026-07-02,WTA,elo,Sahaja Yamalapalli,0,0,0,0,0
2026-07-02,WTA,elo,Aneta Kladivova,0,0,0,0,0
2026-07-02,WTA,elo,Sakura Hosogi,0,0,0,0,0
2026-07-02,WTA,elo,Justina Mikulskyte,0,0,0,0,0
2026-07-02,WTA,elo,Victoria Rodriguez,0,0,0,0,0
2026-07-02,WTA,elo,Britt Du Pree,0,0,0,0,0
2026-07-02,WTA,elo,Tena Lukas,0,0,0,0,0
2026-07-02,WTA,elo,Raluka Serban,0,0,0,0,0
2026-07-02,WTA,elo,Noemi Basiletti,0,0,0,0,0
2026-07-02,WTA,elo,Hina Inoue,0,0,0,0,0
2026-07-02,WTA,elo,Rositsa Dencheva,0,0,0,0,0
2026-07-02,WTA,elo,Momoko Kobori,0,0,0,0,0
2026-07-02,WTA,elo,Hanna Chang,0,0,0,0,0
2026-07-02,WTA,elo,Naiktha Bains,0,0,0,0,0
2026-07-02,WTA,elo,Carolyn Ansari,0,0,0,0,0
2026-07-02,WTA,elo,Antonia Vergara Rivera,0,0,0,0,0
2026-07-02,WTA,elo,Laura Mair,0,0,0,0,0
2026-07-02,WTA,elo,Alina Granwehr,0,0,0,0,0
2026-07-02,WTA,elo,Ranah Akua Stoiber,0,0,0,0,0
2026-07-02,WTA,elo,Anja Stankovic,0,0,0,0,0
2026-07-02,WTA,elo,Katarina Kuzmova,0,0,0,0,0
2026-07-02,WTA,elo,Anastasia Tikhonova,0,0,0,0,0
2026-07-02,WTA,elo,Ayano Shimizu,0,0,0,0,0
2026-07-02,WTA,elo,Isabella Shinikova,0,0,0,0,0
2026-07-02,WTA,elo,Jia Jing Lu,0,0,0,0,0
2026-07-02,WTA,elo,Sofia Rocchetti,0,0,0,0,0
2026-07-02,WTA,elo,Ekaterina Maklakova,0,0,0,0,0
2026-07-02,WTA,elo,Haley Giavara,0,0,0,0,0
2026-07-02,WTA,elo,Manon Leonard,0,0,0,0,0
2026-07-02,WTA,elo,Anastasia Abbagnato,0,0,0,0,0
2026-07-02,WTA,elo,Alice Rame,0,0,0,0,0
2026-07-02,WTA,elo,Mathilde Lollia,0,0,0,0,0
2026-07-02,WTA,elo,Georgia Pedone,0,0,0,0,0
2026-07-02,WTA,elo,Saki Imamura,0,0,0,0,0
2026-07-02,WTA,elo,Ana Sofia Sanchez,0,0,0,0,0
2026-07-02,WTA,elo,Jenny Lim,0,0,0,0,0
2026-07-02,WTA,elo,Diletta Cherubini,0,0,0,0,0
2026-07-02,WTA,elo,Jessica Pieri,0,0,0,0,0
2026-07-02,WTA,elo,Gina Marie Dittmann,0,0,0,0,0
2026-07-02,WTA,elo,Carlota Martinez Cirez,0,0,0,0,0
2026-07-02,WTA,elo,Gabriela Ce,0,0,0,0,0
2026-07-02,WTA,elo,Jana Kolodynska,0,0,0,0,0
2026-07-02,WTA,elo,Cagla Buyukakcay,0,0,0,0,0
2026-07-02,WTA,elo,Gergana Topalova,0,0,0,0,0
2026-07-02,WTA,elo,Tiphanie Fiquet,0,0,0,0,0
2026-07-02,WTA,elo,Wushuang Zheng,0,0,0,0,0
2026-07-02,WTA,elo,Yujia Huang,0,0,0,0,0
2026-07-02,WTA,elo,Zuzanna Pawlikowska,0,0,0,0,0
2026-07-02,WTA,elo,Lucia Cortez Llorca,0,0,0,0,0
2026-07-02,WTA,elo,Eunhye Lee,0,0,0,0,0
2026-07-02,WTA,elo,Hong Yi Cody Wong,0,0,0,0,0
2026-07-02,WTA,elo,Ilinca Dalina Amariei,0,0,0,0,0
2026-07-02,WTA,elo,Carla Markus,0,0,0,0,0
2026-07-02,WTA,elo,Daria Lodikova,0,0,0,0,0
2026-07-02,WTA,elo,Rina Saigo,0,0,0,0,0
2026-07-02,WTA,elo,Nahia Berecoechea,0,0,0,0,0
2026-07-02,WTA,elo,Ekaterina Ovcharenko,0,0,0,0,0
2026-07-02,WTA,elo,Alicia Herrero Linana,0,0,0,0,0
2026-07-02,WTA,elo,Yasmine Mansouri,0,0,0,0,0
2026-07-02,WTA,elo,Aurora Zantedeschi,0,0,0,0,0
2026-07-02,WTA,elo,Katy Dunne,0,0,0,0,0
2026-07-02,WTA,elo,Meiqi Guo,0,0,0,0,0
2026-07-02,WTA,elo,Elina Nepliy,0,0,0,0,0
2026-07-02,WTA,elo,Diana Martynov,0,0,0,0,0
2026-07-02,WTA,elo,Kira Pavlova,0,0,0,0,0
2026-07-02,WTA,elo,Laura Hietaranta,0,0,0,0,0
2026-07-02,WTA,elo,Andreea Prisacariu,0,0,0,0,0
2026-07-02,WTA,elo,Cristina Diaz Adrover,0,0,0,0,0
2026-07-02,WTA,elo,Valentini Grammatikopoulou,0,0,0,0,0
2026-07-02,WTA,elo,Astrid Lew Yan Foon,0,0,0,0,0
2026-07-02,WTA,elo,Maria Kozyreva,0,0,0,0,0
2026-07-02,WTA,elo,Denislava Glushkova,0,0,0,0,0
2026-07-02,WTA,elo,Martina Okalova,0,0,0,0,0
2026-07-02,WTA,elo,Sofia Elena Cabezas Dominguez,0,0,0,0,0
2026-07-02,WTA,elo,Georgia Andreea Craciun,0,0,0,0,0
2026-07-02,WTA,elo,Anna Sinclair Rogers,0,0,0,0,0
2026-07-02,WTA,elo,Riya Bhatia,0,0,0,0,0
2026-07-02,WTA,elo,Rasheeda Mcadoo,0,0,0,0,0
2026-07-02,WTA,elo,Carolina Alves,0,0,0,0,0
2026-07-02,WTA,elo,Emily Appleton,0,0,0,0,0
2026-07-02,WTA,elo,Martina Colmegna,0,0,0,0,0
2026-07-02,WTA,elo,Miriana Tona,0,0,0,0,0
2026-07-02,WTA,elo,Ariana Arseneault,0,0,0,0,0
2026-07-02,WTA,elo,Alice Robbe,0,0,0,0,0
2026-07-02,WTA,elo,Vaishnavi Adkar,0,0,0,0,0
2026-07-02,WTA,elo,Urszula Radwanska,0,0,0,0,0
2026-07-02,WTA,elo,Lia Karatancheva,0,0,0,0,0
2026-07-02,WTA,elo,Han Shi,0,0,0,0,0
2026-07-02,WTA,elo,Leonie Kung,0,0,0,0,0
2026-07-02,WTA,elo,Ying Zhang,0,0,0,0,0
2026-07-02,WTA,elo,Radka Zelnickova,0,0,0,0,0
2026-07-02,WTA,elo,Maria Martinez Vaquero,0,0,0,0,0
2026-07-02,WTA,elo,Jiaqi Wang,0,0,0,0,0
2026-07-02,WTA,elo,Lucija Ciric Bagaric,0,0,0,0,0
2026-07-02,WTA,elo,Peangtarn Plipuech,0,0,0,0,0
2026-07-02,WTA,elo,Weronika Falkowska,0,0,0,0,0
2026-07-02,WTA,elo,Ankita Raina,0,0,0,0,0
2026-07-02,WTA,elo,Alana Smith,0,0,0,0,0
2026-07-02,WTA,elo,Ksenia Zaytseva,0,0,0,0,0
2026-07-02,WTA,elo,Priska Madelyn Nugroho,0,0,0,0,0
2026-07-02,WTA,elo,Beatrise Zeltina,0,0,0,0,0
2026-07-02,WTA,elo,Eri Shimizu,0,0,0,0,0
2026-07-02,WTA,elo,Yelyzaveta Kotliar,0,0,0,0,0
2026-07-02,WTA,elo,Jasmijn Gimbrere,0,0,0,0,0
2026-07-02,WTA,elo,Victoria Bosio,0,0,0,0,0
2026-07-02,WTA,elo,Madison Sieg,0,0,0,0,0
2026-07-02,WTA,elo,Nina Vargova,0,0,0,0,0
2026-07-02,WTA,elo,Amelia Rajecki,0,0,0,0,0
2026-07-02,WTA,elo,Indianna Spink,0,0,0,0,0
2026-07-02,WTA,elo,Emily Seibold,0,0,0,0,0
2026-07-02,WTA,elo,Julie Pastikova,0,0,0,0,0
2026-07-02,WTA,elo,Sara Cakarevic,0,0,0,0,0
2026-07-02,WTA,elo,Antonia Schmidt,0,0,0,0,0
2026-07-02,WTA,elo,Vittoria Paganetti,0,0,0,0,0
2026-07-02,WTA,elo,Ayumi Koshiishi,0,0,0,0,0
2026-07-02,WTA,elo,Stephanie Judith Visscher,0,0,0,0,0
2026-07-02,WTA,elo,Aneta Laboutkova,0,0,0,0,0
2026-07-02,WTA,elo,Chelsea Fontenel,0,0,0,0,0
2026-07-02,WTA,elo,Sarah Iliev,0,0,0,0,0
2026-07-02,WTA,elo,Celia Cervino Ruiz,0,0,0,0,0
2026-07-02,WTA,elo,Bianca Elena Barbulescu,0,0,0,0,0
2026-07-02,WTA,elo,Ana Candiotto,0,0,0,0,0
2026-07-02,WTA,elo,Nicole Fossa Huergo,0,0,0,0,0
2026-07-02,WTA,elo,Katerina Tsygourova,0,0,0,0,0
2026-07-02,WTA,elo,Ikumi Yamazaki,0,0,0,0,0
2026-07-02,WTA,elo,Jana Otzipka,0,0,0,0,0
2026-07-02,WTA,elo,Isabella Maria Serban,0,0,0,0,0
2026-07-02,WTA,elo,Yaroslava Bartashevich,0,0,0,0,0
2026-07-02,WTA,elo,Katarina Jokic,0,0,0,0,0
2026-07-02,WTA,elo,Nika Radisic,0,0,0,0,0
2026-07-02,WTA,elo,Briana Szabo,0,0,0,0,0
2026-07-02,WTA,elo,Victoria Hu,0,0,0,0,0
2026-07-02,WTA,elo,Gabriella Da Silva Fick,0,0,0,0,0
2026-07-02,WTA,elo,Sofia Shapatava,0,0,0,0,0
2026-07-02,WTA,elo,Lian Tran,0,0,0,0,0
2026-07-02,WTA,elo,Marine Szostak,0,0,0,0,0
2026-07-02,WTA,elo,Kristina Novak,0,0,0,0,0
2026-07-02,WTA,elo,Valeriya Strakhova,0,0,0,0,0
2026-07-02,WTA,elo,Verena Meliss,0,0,0,0,0
2026-07-02,WTA,elo,Victoria Allen,0,0,0,0,0
2026-07-02,WTA,elo,Sapfo Sakellaridi,0,0,0,0,0
2026-07-02,WTA,elo,Chengyiyi Yuan,0,0,0,0,0
2026-07-02,WTA,elo,Nadiia Kolb,0,0,0,0,0
2026-07-02,WTA,elo,Demi Tran,0,0,0,0,0
2026-07-02,WTA,elo,Ana Filipa Santos,0,0,0,0,0
2026-07-02,WTA,elo,Alba Rey Garcia,0,0,0,0,0
2026-07-02,WTA,elo,Mayuka Aikawa,0,0,0,0,0
2026-07-02,WTA,elo,Ellie Schoppe,0,0,0,0,0
2026-07-02,WTA,elo,Carmen Lopez Martinez,0,0,0,0,0
2026-07-02,WTA,elo,Chenting Zhu,0,0,0,0,0
2026-07-02,WTA,elo,Amy Zhu,0,0,0,0,0
2026-07-02,WTA,elo,Sara Lanca,0,0,0,0,0
2026-07-02,ATP,yelo,,0,0,0,0,0
2026-07-02,ATP,yelo,Player,0,0,0,0,0
2026-07-02,ATP,yelo,Jannik Sinner,0,0,0,0,0
2026-07-02,ATP,yelo,Carlos Alcaraz,0,0,0,0,0
2026-07-02,ATP,yelo,Alexander Zverev,0,0,0,0,0
2026-07-02,ATP,yelo,Arthur Fils,0,0,0,0,0
2026-07-02,ATP,yelo,Rafael Jodar,0,0,0,0,0
2026-07-02,ATP,yelo,Casper Ruud,0,0,0,0,0
2026-07-02,ATP,yelo,Frances Tiafoe,0,0,0,0,0
2026-07-02,ATP,yelo,Tommy Paul,0,0,0,0,0
2026-07-02,ATP,yelo,Francisco Cerundolo,0,0,0,0,0
2026-07-02,ATP,yelo,Alexander Blockx,0,0,0,0,0
2026-07-02,ATP,yelo,Sebastian Korda,0,0,0,0,0
2026-07-02,ATP,yelo,Ben Shelton,0,0,0,0,0
2026-07-02,ATP,yelo,Taylor Fritz,0,0,0,0,0
2026-07-02,ATP,yelo,Flavio Cobolli,0,0,0,0,0
2026-07-02,ATP,yelo,Jakub Mensik,0,0,0,0,0
2026-07-02,ATP,yelo,Daniil Medvedev,0,0,0,0,0
2026-07-02,ATP,yelo,Learner Tien,0,0,0,0,0
2026-07-02,ATP,yelo,Matteo Arnaldi,0,0,0,0,0
2026-07-02,ATP,yelo,Lorenzo Musetti,0,0,0,0,0
2026-07-02,ATP,yelo,Valentin Vacherot,0,0,0,0,0
2026-07-02,ATP,yelo,Felix Auger Aliassime,0,0,0,0,0
2026-07-02,ATP,yelo,Raphael Collignon,0,0,0,0,0
2026-07-02,ATP,yelo,Andrey Rublev,0,0,0,0,0
2026-07-02,ATP,yelo,Joao Fonseca,0,0,0,0,0
2026-07-02,ATP,yelo,Alejandro Davidovich Fokina,0,0,0,0,0
2026-07-02,ATP,yelo,Jiri Lehecka,0,0,0,0,0
2026-07-02,ATP,yelo,Juan Manuel Cerundolo,0,0,0,0,0
2026-07-02,ATP,yelo,Pablo Carreno Busta,0,0,0,0,0
2026-07-02,ATP,yelo,Alex De Minaur,0,0,0,0,0
2026-07-02,ATP,yelo,Hamad Medjedovic,0,0,0,0,0
2026-07-02,ATP,yelo,Tomas Machac,0,0,0,0,0
2026-07-02,ATP,yelo,Dino Prizmic,0,0,0,0,0
2026-07-02,ATP,yelo,Ugo Humbert,0,0,0,0,0
2026-07-02,ATP,yelo,Mariano Navone,0,0,0,0,0
2026-07-02,ATP,yelo,Novak Djokovic,0,0,0,0,0
2026-07-02,ATP,yelo,Luciano Darderi,0,0,0,0,0
2026-07-02,ATP,yelo,Brandon Nakashima,0,0,0,0,0
2026-07-02,ATP,yelo,Ignacio Buse,0,0,0,0,0
2026-07-02,ATP,yelo,Kamil Majchrzak,0,0,0,0,0
2026-07-02,ATP,yelo,Zizou Bergs,0,0,0,0,0
2026-07-02,ATP,yelo,Alex Michelsen,0,0,0,0,0
2026-07-02,ATP,yelo,Thiago Agustin Tirante,0,0,0,0,0
2026-07-02,ATP,yelo,Alejandro Tabilo,0,0,0,0,0
2026-07-02,ATP,yelo,Matteo Berrettini,0,0,0,0,0
2026-07-02,ATP,yelo,Ethan Quinn,0,0,0,0,0
2026-07-02,ATP,yelo,Rinky Hijikata,0,0,0,0,0
2026-07-02,ATP,yelo,Jack Draper,0,0,0,0,0
2026-07-02,ATP,yelo,Alex Molcan,0,0,0,0,0
2026-07-02,ATP,yelo,Andrea Pellegrino,0,0,0,0,0
2026-07-02,ATP,yelo,Miomir Kecmanovic,0,0,0,0,0
2026-07-02,ATP,yelo,Camilo Ugo Carabelli,0,0,0,0,0
2026-07-02,ATP,yelo,Nuno Borges,0,0,0,0,0
2026-07-02,ATP,yelo,Jaime Faria,0,0,0,0,0
2026-07-02,ATP,yelo,Pablo Llamas Ruiz,0,0,0,0,0
2026-07-02,ATP,yelo,Sebastian Baez,0,0,0,0,0
2026-07-02,ATP,yelo,Alexander Bublik,0,0,0,0,0
2026-07-02,ATP,yelo,Yannick Hanfmann,0,0,0,0,0
2026-07-02,ATP,yelo,Tomas Martin Etcheverry,0,0,0,0,0
2026-07-02,ATP,yelo,Fabian Marozsan,0,0,0,0,0
2026-07-02,ATP,yelo,Soon Woo Kwon,0,0,0,0,0
2026-07-02,ATP,yelo,Vit Kopriva,0,0,0,0,0
2026-07-02,ATP,yelo,Marin Cilic,0,0,0,0,0
2026-07-02,ATP,yelo,Bu Yunchaokete,0,0,0,0,0
2026-07-02,ATP,yelo,Eliot Spizzirri,0,0,0,0,0
2026-07-02,ATP,yelo,Stefanos Tsitsipas,0,0,0,0,0
2026-07-02,ATP,yelo,Toby Samuel,0,0,0,0,0
2026-07-02,ATP,yelo,Daniel Altmaier,0,0,0,0,0
2026-07-02,ATP,yelo,Adolfo Daniel Vallejo,0,0,0,0,0
2026-07-02,ATP,yelo,Daniel Merida Aguilar,0,0,0,0,0
2026-07-02,ATP,yelo,Hubert Hurkacz,0,0,0,0,0
2026-07-02,ATP,yelo,Facundo Diaz Acosta,0,0,0,0,0
2026-07-02,ATP,yelo,Cameron Norrie,0,0,0,0,0
2026-07-02,ATP,yelo,Roman Safiullin,0,0,0,0,0
2026-07-02,ATP,yelo,Gustavo Heide,0,0,0,0,0
2026-07-02,ATP,yelo,Benjamin Bonzi,0,0,0,0,0
2026-07-02,ATP,yelo,Jesper De Jong,0,0,0,0,0
2026-07-02,ATP,yelo,Jan Choinski,0,0,0,0,0
2026-07-02,ATP,yelo,Martin Landaluce,0,0,0,0,0
2026-07-02,ATP,yelo,Mattia Bellucci,0,0,0,0,0
2026-07-02,ATP,yelo,Titouan Droguet,0,0,0,0,0
2026-07-02,ATP,yelo,Karen Khachanov,0,0,0,0,0
2026-07-02,ATP,yelo,Adam Walton,0,0,0,0,0
2026-07-02,ATP,yelo,Sebastian Ofner,0,0,0,0,0
2026-07-02,ATP,yelo,Martin Damm,0,0,0,0,0
2026-07-02,ATP,yelo,Arthur Fery,0,0,0,0,0
2026-07-02,ATP,yelo,Taro Daniel,0,0,0,0,0
2026-07-02,ATP,yelo,Nishesh Basavareddy,0,0,0,0,0
2026-07-02,ATP,yelo,Luca Van Assche,0,0,0,0,0
2026-07-02,ATP,yelo,Borna Gojo,0,0,0,0,0
2026-07-02,ATP,yelo,Giovanni Mpetshi Perricard,0,0,0,0,0
2026-07-02,ATP,yelo,Jason Kubler,0,0,0,0,0
2026-07-02,ATP,yelo,Quentin Halys,0,0,0,0,0
2026-07-02,ATP,yelo,Henrique Rocha,0,0,0,0,0
2026-07-02,ATP,yelo,Emilio Nava,0,0,0,0,0
2026-07-02,ATP,yelo,Otto Virtanen,0,0,0,0,0
2026-07-02,ATP,yelo,Kyrian Jacquet,0,0,0,0,0
2026-07-02,ATP,yelo,Roman Andres Burruchaga,0,0,0,0,0
2026-07-02,ATP,yelo,Botic Van De Zandschulp,0,0,0,0,0
2026-07-02,ATP,yelo,Sho Shimabukuro,0,0,0,0,0
2026-07-02,ATP,yelo,Tallon Griekspoor,0,0,0,0,0
2026-07-02,ATP,yelo,Andrea Vavassori,0,0,0,0,0
2026-07-02,ATP,yelo,Francisco Comesana,0,0,0,0,0
2026-07-02,ATP,yelo,Christopher Oconnell,0,0,0,0,0
2026-07-02,ATP,yelo,Laslo Djere,0,0,0,0,0
2026-07-02,ATP,yelo,Nikoloz Basilashvili,0,0,0,0,0
2026-07-02,ATP,yelo,Zachary Svajda,0,0,0,0,0
2026-07-02,ATP,yelo,Arthur Rinderknech,0,0,0,0,0
2026-07-02,ATP,yelo,Kilian Feldbausch,0,0,0,0,0
2026-07-02,ATP,yelo,Terence Atmane,0,0,0,0,0
2026-07-02,ATP,yelo,Lukas Neumayer,0,0,0,0,0
2026-07-02,ATP,yelo,Yibing Wu,0,0,0,0,0
2026-07-02,ATP,yelo,Max Alcala Gurri,0,0,0,0,0
2026-07-02,ATP,yelo,Jurij Rodionov,0,0,0,0,0
2026-07-02,ATP,yelo,Henry Searle,0,0,0,0,0
2026-07-02,ATP,yelo,Hugo Dellien,0,0,0,0,0
2026-07-02,ATP,yelo,Federico Cina,0,0,0,0,0
2026-07-02,ATP,yelo,Zhizhen Zhang,0,0,0,0,0
2026-07-02,ATP,yelo,Jack Kennedy,0,0,0,0,0
2026-07-02,ATP,yelo,Alexei Popyrin,0,0,0,0,0
2026-07-02,ATP,yelo,Juncheng Shang,0,0,0,0,0
2026-07-02,ATP,yelo,Dhakshineswar Suresh,0,0,0,0,0
2026-07-02,ATP,yelo,Arthur Cazaux,0,0,0,0,0
2026-07-02,ATP,yelo,Vitaliy Sachko,0,0,0,0,0
2026-07-02,ATP,yelo,Leandro Riedi,0,0,0,0,0
2026-07-02,ATP,yelo,Giles Hussey,0,0,0,0,0
2026-07-02,ATP,yelo,Denis Shapovalov,0,0,0,0,0
2026-07-02,ATP,yelo,Jaume Munar,0,0,0,0,0
2026-07-02,ATP,yelo,Reilly Opelka,0,0,0,0,0
2026-07-02,ATP,yelo,Stefanos Sakellaridis,0,0,0,0,0
2026-07-02,ATP,yelo,Inaki Montes De La Torre,0,0,0,0,0
2026-07-02,ATP,yelo,Michael Zheng,0,0,0,0,0
2026-07-02,ATP,yelo,Marton Fucsovics,0,0,0,0,0
2026-07-02,ATP,yelo,Aleksandar Kovacevic,0,0,0,0,0
2026-07-02,ATP,yelo,Pierre Hugues Herbert,0,0,0,0,0
2026-07-02,ATP,yelo,Alexander Shevchenko,0,0,0,0,0
2026-07-02,ATP,yelo,David Jorda Sanchis,0,0,0,0,0
2026-07-02,ATP,yelo,Nikolas Sanchez Izquierdo,0,0,0,0,0
2026-07-02,ATP,yelo,Moise Kouame,0,0,0,0,0
2026-07-02,ATP,yelo,Clement Tabur,0,0,0,0,0
2026-07-02,ATP,yelo,Gauthier Onclin,0,0,0,0,0
2026-07-02,ATP,yelo,Marcos Giron,0,0,0,0,0
2026-07-02,ATP,yelo,Adrian Mannarino,0,0,0,0,0
2026-07-02,ATP,yelo,Juan Carlos Prado Angelo,0,0,0,0,0
2026-07-02,ATP,yelo,Marco Cecchinato,0,0,0,0,0
2026-07-02,ATP,yelo,Gabriel Diallo,0,0,0,0,0
2026-07-02,ATP,yelo,Remy Bertola,0,0,0,0,0
2026-07-02,ATP,yelo,Roberto Carballes Baena,0,0,0,0,0
2026-07-02,ATP,yelo,Zsombor Piros,0,0,0,0,0
2026-07-02,ATP,yelo,Felix Balshaw,0,0,0,0,0
2026-07-02,ATP,yelo,Alexis Galarneau,0,0,0,0,0
2026-07-02,ATP,yelo,Rodrigo Pacheco Mendez,0,0,0,0,0
2026-07-02,ATP,yelo,Elmer Moller,0,0,0,0,0
2026-07-02,ATP,yelo,Michael Mmoh,0,0,0,0,0
2026-07-02,ATP,yelo,Arthur Gea,0,0,0,0,0
2026-07-02,ATP,yelo,Jan Lennard Struff,0,0,0,0,0
2026-07-02,ATP,yelo,Patrick Kypson,0,0,0,0,0
2026-07-02,ATP,yelo,Hynek Barton,0,0,0,0,0
2026-07-02,ATP,yelo,Dalibor Svrcina,0,0,0,0,0
2026-07-02,ATP,yelo,James Duckworth,0,0,0,0,0
2026-07-02,ATP,yelo,Max Schoenhaus,0,0,0,0,0
2026-07-02,ATP,yelo,Lloyd Harris,0,0,0,0,0
2026-07-02,ATP,yelo,Cezar Cretu,0,0,0,0,0
2026-07-02,ATP,yelo,Pol Martin Tiffon,0,0,0,0,0
2026-07-02,ATP,yelo,Rei Sakamoto,0,0,0,0,0
2026-07-02,ATP,yelo,Nicolai Budkov Kjaer,0,0,0,0,0
2026-07-02,ATP,yelo,Sumit Nagal,0,0,0,0,0
2026-07-02,ATP,yelo,Jordan Thompson,0,0,0,0,0
2026-07-02,ATP,yelo,Marco Trungelliti,0,0,0,0,0
2026-07-02,ATP,yelo,Andre Ilagan,0,0,0,0,0
2026-07-02,ATP,yelo,August Holmgren,0,0,0,0,0
2026-07-02,ATP,yelo,Chris Rodesch,0,0,0,0,0
2026-07-02,ATP,yelo,Lukas Klein,0,0,0,0,0
2026-07-02,ATP,yelo,Aleksandar Vukic,0,0,0,0,0
2026-07-02,ATP,yelo,Andrea Guerrieri,0,0,0,0,0
2026-07-02,ATP,yelo,Liam Draxl,0,0,0,0,0
2026-07-02,ATP,yelo,Tristan Boyer,0,0,0,0,0
2026-07-02,ATP,yelo,Damir Dzumhur,0,0,0,0,0
2026-07-02,ATP,yelo,Valentin Royer,0,0,0,0,0
2026-07-02,ATP,yelo,Cosme Rolland De Ravel,0,0,0,0,0
2026-07-02,ATP,yelo,Buvaysar Gadamauri,0,0,0,0,0
2026-07-02,ATP,yelo,Dusan Lajovic,0,0,0,0,0
2026-07-02,ATP,yelo,Colton Smith,0,0,0,0,0
2026-07-02,ATP,yelo,Stan Wawrinka,0,0,0,0,0
2026-07-02,ATP,yelo,Florian Broska,0,0,0,0,0
2026-07-02,ATP,yelo,Tom Gentzsch,0,0,0,0,0
2026-07-02,ATP,yelo,Thanasi Kokkinakis,0,0,0,0,0
2026-07-02,ATP,yelo,Lorenzo Sonego,0,0,0,0,0
2026-07-02,ATP,yelo,Corentin Moutet,0,0,0,0,0
2026-07-02,ATP,yelo,Jenson Brooksby,0,0,0,0,0
2026-07-02,ATP,yelo,Cristian Garin,0,0,0,0,0
2026-07-02,ATP,yelo,Pavel Kotov,0,0,0,0,0
2026-07-02,ATP,yelo,Darwin Blanch,0,0,0,0,0
2026-07-02,ATP,yelo,Luka Mikrut,0,0,0,0,0
2026-07-02,ATP,yelo,Joel Schwaerzler,0,0,0,0,0
2026-07-02,ATP,yelo,Dali Blanch,0,0,0,0,0
2026-07-02,ATP,yelo,Thiago Monteiro,0,0,0,0,0
2026-07-02,ATP,yelo,Tomas Barrios Vera,0,0,0,0,0
2026-07-02,ATP,yelo,Nikolai Barsukov,0,0,0,0,0
2026-07-02,ATP,yelo,Arthur Bouquier,0,0,0,0,0
2026-07-02,ATP,yelo,Edas Butvilas,0,0,0,0,0
2026-07-02,ATP,yelo,Mees Rottgering,0,0,0,0,0
2026-07-02,ATP,yelo,Timofey Skatov,0,0,0,0,0
2026-07-02,ATP,yelo,Grigor Dimitrov,0,0,0,0,0
2026-07-02,ATP,yelo,Kimmer Coppejans,0,0,0,0,0
2026-07-02,ATP,yelo,Gael Monfils,0,0,0,0,0
2026-07-02,ATP,yelo,Harry Wendelken,0,0,0,0,0
2026-07-02,ATP,yelo,Daniel Rincon,0,0,0,0,0
2026-07-02,ATP,yelo,Jacopo Vasami,0,0,0,0,0
2026-07-02,ATP,yelo,Gianluca Cadenasso,0,0,0,0,0
2026-07-02,ATP,yelo,James Mccabe,0,0,0,0,0
2026-07-02,ATP,yelo,Alex Bolt,0,0,0,0,0
2026-07-02,ATP,yelo,Mark Lajal,0,0,0,0,0
2026-07-02,ATP,yelo,Coleman Wong,0,0,0,0,0
2026-07-02,ATP,yelo,Ryan Seggerman,0,0,0,0,0
2026-07-02,ATP,yelo,Chun Hsin Tseng,0,0,0,0,0
2026-07-02,ATP,yelo,Roberto Bautista Agut,0,0,0,0,0
2026-07-02,ATP,yelo,Tommaso Compagnucci,0,0,0,0,0
2026-07-02,ATP,yelo,Thiago Seyboth Wild,0,0,0,0,0
2026-07-02,ATP,yelo,Timo Legout,0,0,0,0,0
2026-07-02,ATP,yelo,Joshua Sheehy,0,0,0,0,0
2026-07-02,ATP,yelo,Raul Brancaccio,0,0,0,0,0
2026-07-02,ATP,yelo,Lautaro Midon,0,0,0,0,0
2026-07-02,ATP,yelo,Andres Santamarta Roig,0,0,0,0,0
2026-07-02,ATP,yelo,Vilius Gaubas,0,0,0,0,0
2026-07-02,ATP,yelo,Franco Roncadelli,0,0,0,0,0
2026-07-02,ATP,yelo,Francesco Forti,0,0,0,0,0
2026-07-02,ATP,yelo,Diego Dedura Palomero,0,0,0,0,0
2026-07-02,ATP,yelo,Liam Broady,0,0,0,0,0
2026-07-02,ATP,yelo,Rio Noguchi,0,0,0,0,0
2026-07-02,ATP,yelo,Stefano Travaglia,0,0,0,0,0
2026-07-02,ATP,yelo,Jack Pinnington Jones,0,0,0,0,0
2026-07-02,ATP,yelo,Petr Nesterov,0,0,0,0,0
2026-07-02,ATP,yelo,Andrej Nedic,0,0,0,0,0
2026-07-02,ATP,yelo,Elias Ymer,0,0,0,0,0
2026-07-02,ATP,yelo,Hugo Gaston,0,0,0,0,0
2026-07-02,ATP,yelo,Petr Brunclik,0,0,0,0,0
2026-07-02,ATP,yelo,Hamish Stewart,0,0,0,0,0
2026-07-02,ATP,yelo,Felix Gill,0,0,0,0,0
2026-07-02,ATP,yelo,Nicolas Jarry,0,0,0,0,0
2026-07-02,ATP,yelo,Jerome Kym,0,0,0,0,0
2026-07-02,ATP,yelo,Nick Hardt,0,0,0,0,0
2026-07-02,ATP,yelo,Fajing Sun,0,0,0,0,0
2026-07-02,ATP,yelo,Alexandre Muller,0,0,0,0,0
2026-07-02,ATP,yelo,Marek Gengel,0,0,0,0,0
2026-07-02,ATP,yelo,Jacob Fearnley,0,0,0,0,0
2026-07-02,ATP,yelo,Andres Andrade,0,0,0,0,0
2026-07-02,ATP,yelo,Tristan Schoolkate,0,0,0,0,0
2026-07-02,ATP,yelo,Daniel Elahi Galan,0,0,0,0,0
2026-07-02,ATP,yelo,Filippo Romano,0,0,0,0,0
2026-07-02,ATP,yelo,Francesco Passaro,0,0,0,0,0
2026-07-02,ATP,yelo,Pedro Martinez,0,0,0,0,0
2026-07-02,ATP,yelo,Thomas Faurel,0,0,0,0,0
2026-07-02,ATP,yelo,Nerman Fatic,0,0,0,0,0
2026-07-02,ATP,yelo,Christoph Negritu,0,0,0,0,0
2026-07-02,ATP,yelo,Rudolf Molleker,0,0,0,0,0
2026-07-02,ATP,yelo,Joao Lucas Reis Da Silva,0,0,0,0,0
2026-07-02,ATP,yelo,Mika Brunold,0,0,0,0,0
2026-07-02,ATP,yelo,Maxim Mrva,0,0,0,0,0
2026-07-02,ATP,yelo,Billy Harris,0,0,0,0,0
2026-07-02,ATP,yelo,Luca Nardi,0,0,0,0,0
2026-07-02,ATP,yelo,Marvin Moeller,0,0,0,0,0
2026-07-02,ATP,yelo,Henri Squire,0,0,0,0,0
2026-07-02,ATP,yelo,Luka Pavlovic,0,0,0,0,0
2026-07-02,ATP,yelo,Dominic Stricker,0,0,0,0,0
2026-07-02,ATP,yelo,Johan Alexander Rodriguez Rodriguez,0,0,0,0,0
2026-07-02,ATP,yelo,Zdenek Kolar,0,0,0,0,0
2026-07-02,ATP,yelo,Justin Boulais,0,0,0,0,0
2026-07-02,ATP,yelo,Alex Martinez,0,0,0,0,0
2026-07-02,ATP,yelo,Semen Pankin,0,0,0,0,0
2026-07-02,ATP,yelo,Giulio Zeppieri,0,0,0,0,0
2026-07-02,ATP,yelo,Khololwam Montsi,0,0,0,0,0
2026-07-02,ATP,yelo,Stefan Dostanic,0,0,0,0,0
2026-07-02,ATP,yelo,Philip Henning,0,0,0,0,0
2026-07-02,ATP,yelo,Max Houkes,0,0,0,0,0
2026-07-02,ATP,yelo,Ilya Ivashka,0,0,0,0,0
2026-07-02,ATP,yelo,Stefano Napolitano,0,0,0,0,0
2026-07-02,ATP,yelo,Gerard Campana Lee,0,0,0,0,0
2026-07-02,ATP,yelo,Antoine Ghibaudo,0,0,0,0,0
2026-07-02,ATP,yelo,Keegan Smith,0,0,0,0,0
2026-07-02,ATP,yelo,Genaro Alberto Olivieri,0,0,0,0,0
2026-07-02,ATP,yelo,Jay Dylan Hara Friend,0,0,0,0,0
2026-07-02,ATP,yelo,Lukas Pokorny,0,0,0,0,0
2026-07-02,ATP,yelo,Pedro Boscardin Dias,0,0,0,0,0
2026-07-02,ATP,yelo,Alejandro Moro Canas,0,0,0,0,0
2026-07-02,ATP,yelo,Igor Ribeiro Marcondes,0,0,0,0,0
2026-07-02,ATP,yelo,Mili Poljicak,0,0,0,0,0
2026-07-02,ATP,yelo,Alexander Donski,0,0,0,0,0
2026-07-02,ATP,yelo,Martin Krumich,0,0,0,0,0
2026-07-02,ATP,yelo,Mikhail Kukushkin,0,0,0,0,0
2026-07-02,ATP,yelo,Edward Winter,0,0,0,0,0
2026-07-02,ATP,yelo,Kei Nishikori,0,0,0,0,0
2026-07-02,ATP,yelo,Enrico Dalla Valle,0,0,0,0,0
2026-07-02,ATP,yelo,Yuta Shimizu,0,0,0,0,0
2026-07-02,ATP,yelo,Juan Manuel La Serna,0,0,0,0,0
2026-07-02,ATP,yelo,Lilian Marmousez,0,0,0,0,0
2026-07-02,ATP,yelo,Kriish Tyagi,0,0,0,0,0
2026-07-02,ATP,yelo,Gonzalo Bueno,0,0,0,0,0
2026-07-02,ATP,yelo,Tibo Colson,0,0,0,0,0
2026-07-02,ATP,yelo,Harold Mayot,0,0,0,0,0
2026-07-02,ATP,yelo,Mackenzie Mcdonald,0,0,0,0,0
2026-07-02,ATP,yelo,Quinn Vandecasteele,0,0,0,0,0
2026-07-02,ATP,yelo,Federico Bondioli,0,0,0,0,0
2026-07-02,ATP,yelo,Lucio Ratti,0,0,0,0,0
2026-07-02,ATP,yelo,Marc Andrea Huesler,0,0,0,0,0
2026-07-02,ATP,yelo,Clement Chidekh,0,0,0,0,0
2026-07-02,ATP,yelo,Oriol Roca Batalla,0,0,0,0,0
2026-07-02,ATP,yelo,Laurent Lokoli,0,0,0,0,0
2026-07-02,ATP,yelo,Andrej Martin,0,0,0,0,0
2026-07-02,ATP,yelo,Daniel Michalski,0,0,0,0,0
2026-07-02,ATP,yelo,Li Tu,0,0,0,0,0
2026-07-02,ATP,yelo,Duje Ajdukovic,0,0,0,0,0
2026-07-02,ATP,yelo,Alexander Vasilev,0,0,0,0,0
2026-07-02,ATP,yelo,Max Hans Rehberg,0,0,0,0,0
2026-07-02,ATP,yelo,Yu Hsiou Hsu,0,0,0,0,0
2026-07-02,ATP,yelo,Jay Clarke,0,0,0,0,0
2026-07-02,ATP,yelo,Braden Shick,0,0,0,0,0
2026-07-02,ATP,yelo,Sergey Fomin,0,0,0,0,0
2026-07-02,ATP,yelo,Benjamin Hassan,0,0,0,0,0
2026-07-02,ATP,yelo,Mats Rosenkranz,0,0,0,0,0
2026-07-02,ATP,yelo,Guido Ivan Justo,0,0,0,0,0
2026-07-02,ATP,yelo,Eero Vasa,0,0,0,0,0
2026-07-02,ATP,yelo,Maxime Chazal,0,0,0,0,0
2026-07-02,ATP,yelo,Eliakim Coulibaly,0,0,0,0,0
2026-07-02,ATP,yelo,Matheus Pucinelli De Almeida,0,0,0,0,0
2026-07-02,ATP,yelo,Matias Soto,0,0,0,0,0
2026-07-02,ATP,yelo,Manish Sureshkumar,0,0,0,0,0
2026-07-02,ATP,yelo,Hyeon Chung,0,0,0,0,0
2026-07-02,ATP,yelo,Sandro Kopp,0,0,0,0,0
2026-07-02,ATP,yelo,Jie Cui,0,0,0,0,0
2026-07-02,ATP,yelo,Oliver Crawford,0,0,0,0,0
2026-07-02,ATP,yelo,Stefan Palosi,0,0,0,0,0
2026-07-02,ATP,yelo,Ugo Blanchet,0,0,0,0,0
2026-07-02,ATP,yelo,Francesco Maestrelli,0,0,0,0,0
2026-07-02,ATP,yelo,Hugo Grenier,0,0,0,0,0
2026-07-02,ATP,yelo,Matej Dodig,0,0,0,0,0
2026-07-02,ATP,yelo,Daniil Ostapenkov,0,0,0,0,0
2026-07-02,ATP,yelo,Guy Den Ouden,0,0,0,0,0
2026-07-02,ATP,yelo,Daniil Glinka,0,0,0,0,0
2026-07-02,ATP,yelo,Luciano Emanuel Ambrogi,0,0,0,0,0
2026-07-02,ATP,yelo,Luis Guto Miguel,0,0,0,0,0
2026-07-02,ATP,yelo,Aidan Mayo,0,0,0,0,0
2026-07-02,ATP,yelo,Niels Visker,0,0,0,0,0
2026-07-02,ATP,yelo,Gonzalo Villanueva,0,0,0,0,0
2026-07-02,ATP,yelo,Petr Bar Biryukov,0,0,0,0,0
2026-07-02,ATP,yelo,Franco Agamenone,0,0,0,0,0
2026-07-02,ATP,yelo,Olukayode Alafia Damina Ayeni,0,0,0,0,0
2026-07-02,ATP,yelo,Marc Polmans,0,0,0,0,0
2026-07-02,ATP,yelo,Paul Jubb,0,0,0,0,0
2026-07-02,ATP,yelo,Matteo Martineau,0,0,0,0,0
2026-07-02,ATP,yelo,Carlos Sanchez Jover,0,0,0,0,0
2026-07-02,ATP,yelo,Nicolas Mejia,0,0,0,0,0
2026-07-02,ATP,yelo,Michele Ribecai,0,0,0,0,0
2026-07-02,ATP,yelo,Gilles Arnaud Bailly,0,0,0,0,0
2026-07-02,ATP,yelo,Ilia Simakin,0,0,0,0,0
2026-07-02,ATP,yelo,Blake Ellis,0,0,0,0,0
2026-07-02,ATP,yelo,Alexandr Binda,0,0,0,0,0
2026-07-02,ATP,yelo,Karl Poling,0,0,0,0,0
2026-07-02,ATP,yelo,Manas Dhamne,0,0,0,0,0
2026-07-02,ATP,yelo,Charles Broom,0,0,0,0,0
2026-07-02,ATP,yelo,Ognjen Milic,0,0,0,0,0
2026-07-02,ATP,yelo,Marat Sharipov,0,0,0,0,0
2026-07-02,ATP,yelo,Philip Sekulic,0,0,0,0,0
2026-07-02,ATP,yelo,Miguel Damas,0,0,0,0,0
2026-07-02,ATP,yelo,Yanki Erel,0,0,0,0,0
2026-07-02,ATP,yelo,Florent Bax,0,0,0,0,0
2026-07-02,ATP,yelo,Beibit Zhukayev,0,0,0,0,0
2026-07-02,ATP,yelo,Frederico Ferreira Silva,0,0,0,0,0
2026-07-02,ATP,yelo,Dane Sweeny,0,0,0,0,0
2026-07-02,ATP,yelo,Abedallah Shelbayh,0,0,0,0,0
2026-07-02,ATP,yelo,Ivan Gakhov,0,0,0,0,0
2026-07-02,ATP,yelo,Murphy Cassone,0,0,0,0,0
2026-07-02,ATP,yelo,Facundo Mena,0,0,0,0,0
2026-07-02,ATP,yelo,Daniel Milavsky,0,0,0,0,0
2026-07-02,ATP,yelo,Alastair Gray,0,0,0,0,0
2026-07-02,ATP,yelo,Tung Lin Wu,0,0,0,0,0
2026-07-02,ATP,yelo,Masamichi Imamura,0,0,0,0,0
2026-07-02,ATP,yelo,Yi Zhou,0,0,0,0,0
2026-07-02,ATP,yelo,Johan Nikles,0,0,0,0,0
2026-07-02,ATP,yelo,Arda Azkara,0,0,0,0,0
2026-07-02,ATP,yelo,Johannus Monday,0,0,0,0,0
2026-07-02,ATP,yelo,Nicolas Moreno De Alboran,0,0,0,0,0
2026-07-02,ATP,yelo,Alec Beckley,0,0,0,0,0
2026-07-02,ATP,yelo,Franco Ribero,0,0,0,0,0
2026-07-02,ATP,yelo,Valerio Aboian,0,0,0,0,0
2026-07-02,ATP,yelo,Alejo Sanchez Quilez,0,0,0,0,0
2026-07-02,ATP,yelo,Radu Albot,0,0,0,0,0
2026-07-02,ATP,yelo,Federico Agustin Gomez,0,0,0,0,0
2026-07-02,ATP,yelo,George Loffhagen,0,0,0,0,0
2026-07-02,ATP,yelo,Oleg Prihodko,0,0,0,0,0
2026-07-02,ATP,yelo,Corentin Denolly,0,0,0,0,0
2026-07-02,ATP,yelo,Kasidit Samrej,0,0,0,0,0
2026-07-02,ATP,yelo,Tyler Zink,0,0,0,0,0
2026-07-02,ATP,yelo,Sascha Gueymard Wayenburg,0,0,0,0,0
2026-07-02,ATP,yelo,Dimitar Kuzmanov,0,0,0,0,0
2026-07-02,ATP,yelo,Mathys Erhard,0,0,0,0,0
2026-07-02,ATP,yelo,Hiroki Moriya,0,0,0,0,0
2026-07-02,ATP,yelo,Nicolas Kicker,0,0,0,0,0
2026-07-02,ATP,yelo,Conner Huertas Del Pino,0,0,0,0,0
2026-07-02,ATP,yelo,Federico Iannaccone,0,0,0,0,0
2026-07-02,ATP,yelo,Ivan Marrero Curbelo,0,0,0,0,0
2026-07-02,ATP,yelo,Federico Coria,0,0,0,0,0
2026-07-02,ATP,yelo,Calvin Hemery,0,0,0,0,0
2026-07-02,ATP,yelo,Hernan Casanova,0,0,0,0,0
2026-07-02,ATP,yelo,Yasutaka Uchiyama,0,0,0,0,0
2026-07-02,ATP,yelo,Norbert Gombos,0,0,0,0,0
2026-07-02,ATP,yelo,Jonas Forejtek,0,0,0,0,0
2026-07-02,ATP,yelo,Karim Bennani,0,0,0,0,0
2026-07-02,ATP,yelo,Shintaro Mochizuki,0,0,0,0,0
2026-07-02,ATP,yelo,Bernard Tomic,0,0,0,0,0
2026-07-02,ATP,yelo,Cannon Kingsley,0,0,0,0,0
2026-07-02,ATP,yelo,Juan Pablo Ficovich,0,0,0,0,0
2026-07-02,ATP,yelo,Alvaro Guillen Meza,0,0,0,0,0
2026-07-02,ATP,yelo,Marko Topo,0,0,0,0,0
2026-07-02,ATP,yelo,Maks Kasnikowski,0,0,0,0,0
2026-07-02,ATP,yelo,Mert Alkaya,0,0,0,0,0
2026-07-02,ATP,yelo,Eduardo Ribeiro,0,0,0,0,0
2026-07-02,ATP,yelo,Hayato Matsuoka,0,0,0,0,0
2026-07-02,ATP,yelo,Garrett Johns,0,0,0,0,0
2026-07-02,ATP,yelo,Alex Rybakov,0,0,0,0,0
2026-07-02,ATP,yelo,Murkel Alejandro Dellien Velasco,0,0,0,0,0
2026-07-02,ATP,yelo,Blaise Bicknell,0,0,0,0,0
2026-07-02,ATP,yelo,Svyatoslav Gulin,0,0,0,0,0
2026-07-02,ATP,yelo,Lorenzo Giustino,0,0,0,0,0
2026-07-02,ATP,yelo,Juan Estevez,0,0,0,0,0
2026-07-02,ATP,yelo,Miguel Tobon,0,0,0,0,0
2026-07-02,ATP,yelo,Dan Martin,0,0,0,0,0
2026-07-02,ATP,yelo,Justin Engel,0,0,0,0,0
2026-07-02,ATP,yelo,San Hui Sin,0,0,0,0,0
2026-07-02,ATP,yelo,Filip Cristian Jianu,0,0,0,0,0
2026-07-02,ATP,yelo,Maximus Jones,0,0,0,0,0
2026-07-02,ATP,yelo,Moez Echargui,0,0,0,0,0
2026-07-02,ATP,yelo,Akira Santillan,0,0,0,0,0
2026-07-02,ATP,yelo,Raphael Perot,0,0,0,0,0
2026-07-02,ATP,yelo,Stefan Kozlov,0,0,0,0,0
2026-07-02,ATP,yelo,Andrea Collarini,0,0,0,0,0
2026-07-02,ATP,yelo,Juan Bautista Torres,0,0,0,0,0
2026-07-02,ATP,yelo,Joaquin Aguilar Cardozo,0,0,0,0,0
2026-07-02,ATP,yelo,Patrick Zahraj,0,0,0,0,0
2026-07-02,ATP,yelo,Jelle Sels,0,0,0,0,0
2026-07-02,ATP,yelo,Juan Pablo Varillas,0,0,0,0,0
2026-07-02,ATP,yelo,Andres Martin,0,0,0,0,0
2026-07-02,ATP,yelo,Michael Geerts,0,0,0,0,0
2026-07-02,ATP,yelo,Ioannis Xilas,0,0,0,0,0
2026-07-02,ATP,yelo,Ryan Dickerson,0,0,0,0,0
2026-07-02,ATP,yelo,Mitchell Krueger,0,0,0,0,0
2026-07-02,ATP,yelo,Robert Strombachs,0,0,0,0,0
2026-07-02,ATP,yelo,Santiago Fa Rodriguez Taverna,0,0,0,0,0
2026-07-02,ATP,yelo,Alex Barrena,0,0,0,0,0
2026-07-02,ATP,yelo,Max Wiskandt,0,0,0,0,0
2026-07-02,ATP,yelo,Dan Added,0,0,0,0,0
2026-07-02,ATP,yelo,Carlo Alberto Caniato,0,0,0,0,0
2026-07-02,ATP,yelo,Denis Yevseyev,0,0,0,0,0
2026-07-02,ATP,yelo,Felipe Meligeni Alves,0,0,0,0,0
2026-07-02,ATP,yelo,Sasi Kumar Mukund,0,0,0,0,0
2026-07-02,ATP,yelo,Juan Alejandro Hernandez Serrano,0,0,0,0,0
2026-07-02,ATP,yelo,Thiago Cigarran,0,0,0,0,0
2026-07-02,ATP,yelo,Robin Bertrand,0,0,0,0,0
2026-07-02,ATP,yelo,Mitsuki Wei Kang Leong,0,0,0,0,0
2026-07-02,ATP,yelo,Lorenzo Joaquin Rodriguez,0,0,0,0,0
2026-07-02,ATP,yelo,Christian Langmo,0,0,0,0,0
2026-07-02,ATP,yelo,Nicolas Villalon,0,0,0,0,0
2026-07-02,ATP,yelo,Geoffrey Blancaneaux,0,0,0,0,0
2026-07-02,ATP,yelo,Daniel Dutra Da Silva,0,0,0,0,0
2026-07-02,ATP,yelo,Joao Eduardo Schiessl,0,0,0,0,0
2026-07-02,ATP,yelo,Omar Jasika,0,0,0,0,0
2026-07-02,ATP,yelo,Carlos Maria Zarate,0,0,0,0,0
2026-07-02,ATP,yelo,Pedro Sakamoto,0,0,0,0,0
2026-07-02,ATP,yelo,Kaichi Uchida,0,0,0,0,0
2026-07-02,ATP,yelo,Paulo Andre Saraiva Dos Santos,0,0,0,0,0
2026-07-02,WTA,yelo,,0,0,0,0,0
2026-07-02,WTA,yelo,Player,0,0,0,0,0
2026-07-02,WTA,yelo,Marta Kostyuk,0,0,0,0,0
2026-07-02,WTA,yelo,Aryna Sabalenka,0,0,0,0,0
2026-07-02,WTA,yelo,Elina Svitolina,0,0,0,0,0
2026-07-02,WTA,yelo,Jessica Pegula,0,0,0,0,0
2026-07-02,WTA,yelo,Mirra Andreeva,0,0,0,0,0
2026-07-02,WTA,yelo,Karolina Muchova,0,0,0,0,0
2026-07-02,WTA,yelo,Elena Rybakina,0,0,0,0,0
2026-07-02,WTA,yelo,Sorana Cirstea,0,0,0,0,0
2026-07-02,WTA,yelo,Madison Keys,0,0,0,0,0
2026-07-02,WTA,yelo,Naomi Osaka,0,0,0,0,0
2026-07-02,WTA,yelo,Coco Gauff,0,0,0,0,0
2026-07-02,WTA,yelo,Linda Noskova,0,0,0,0,0
2026-07-02,WTA,yelo,Victoria Mboko,0,0,0,0,0
2026-07-02,WTA,yelo,Belinda Bencic,0,0,0,0,0
2026-07-02,WTA,yelo,Iga Swiatek,0,0,0,0,0
2026-07-02,WTA,yelo,Alexandra Eala,0,0,0,0,0
2026-07-02,WTA,yelo,Anastasia Potapova,0,0,0,0,0
2026-07-02,WTA,yelo,Karolina Pliskova,0,0,0,0,0
2026-07-02,WTA,yelo,Maja Chwalinska,0,0,0,0,0
2026-07-02,WTA,yelo,Elena Gabriela Ruse,0,0,0,0,0
2026-07-02,WTA,yelo,Marie Bouzkova,0,0,0,0,0
2026-07-02,WTA,yelo,Iva Jovic,0,0,0,0,0
2026-07-02,WTA,yelo,Hailey Baptiste,0,0,0,0,0
2026-07-02,WTA,yelo,Emma Navarro,0,0,0,0,0
2026-07-02,WTA,yelo,Sonay Kartal,0,0,0,0,0
2026-07-02,WTA,yelo,Diana Shnaider,0,0,0,0,0
2026-07-02,WTA,yelo,Anna Kalinskaya,0,0,0,0,0
2026-07-02,WTA,yelo,Jelena Ostapenko,0,0,0,0,0
2026-07-02,WTA,yelo,Amanda Anisimova,0,0,0,0,0
2026-07-02,WTA,yelo,Magda Linette,0,0,0,0,0
2026-07-02,WTA,yelo,Elise Mertens,0,0,0,0,0
2026-07-02,WTA,yelo,Donna Vekic,0,0,0,0,0
2026-07-02,WTA,yelo,Ashlyn Krueger,0,0,0,0,0
2026-07-02,WTA,yelo,Zeynep Sonmez,0,0,0,0,0
2026-07-02,WTA,yelo,Tatjana Maria,0,0,0,0,0
2026-07-02,WTA,yelo,Barbora Krejcikova,0,0,0,0,0
2026-07-02,WTA,yelo,Anhelina Kalinina,0,0,0,0,0
2026-07-02,WTA,yelo,Jaqueline Cristian,0,0,0,0,0
2026-07-02,WTA,yelo,Caty Mcnally,0,0,0,0,0
2026-07-02,WTA,yelo,Katie Boulter,0,0,0,0,0
2026-07-02,WTA,yelo,Nikola Bartunkova,0,0,0,0,0
2026-07-02,WTA,yelo,Daria Snigur,0,0,0,0,0
2026-07-02,WTA,yelo,Diane Parry,0,0,0,0,0
2026-07-02,WTA,yelo,Solana Sierra,0,0,0,0,0
2026-07-02,WTA,yelo,Viktorija Golubic,0,0,0,0,0
2026-07-02,WTA,yelo,Xiyu Wang,0,0,0,0,0
2026-07-02,WTA,yelo,Katie Volynets,0,0,0,0,0
2026-07-02,WTA,yelo,Rebeka Masarova,0,0,0,0,0
2026-07-02,WTA,yelo,Camila Osorio,0,0,0,0,0
2026-07-02,WTA,yelo,Peyton Stearns,0,0,0,0,0
2026-07-02,WTA,yelo,Kaitlin Quevedo,0,0,0,0,0
2026-07-02,WTA,yelo,Taylor Townsend,0,0,0,0,0
2026-07-02,WTA,yelo,Yuliia Starodubtseva,0,0,0,0,0
2026-07-02,WTA,yelo,Katerina Siniakova,0,0,0,0,0
2026-07-02,WTA,yelo,Robin Montgomery,0,0,0,0,0
2026-07-02,WTA,yelo,Ann Li,0,0,0,0,0
2026-07-02,WTA,yelo,Emma Raducanu,0,0,0,0,0
2026-07-02,WTA,yelo,Yulia Putintseva,0,0,0,0,0
2026-07-02,WTA,yelo,Elisabetta Cocciaretto,0,0,0,0,0
2026-07-02,WTA,yelo,Varvara Gracheva,0,0,0,0,0
2026-07-02,WTA,yelo,Petra Marcinko,0,0,0,0,0
2026-07-02,WTA,yelo,Mccartney Kessler,0,0,0,0,0
2026-07-02,WTA,yelo,Katarzyna Kawa,0,0,0,0,0
2026-07-02,WTA,yelo,Polina Kudermetova,0,0,0,0,0
2026-07-02,WTA,yelo,Sinja Kraus,0,0,0,0,0
2026-07-02,WTA,yelo,Anastasia Zakharova,0,0,0,0,0
2026-07-02,WTA,yelo,Oleksandra Oliynykova,0,0,0,0,0
2026-07-02,WTA,yelo,Qinwen Zheng,0,0,0,0,0
2026-07-02,WTA,yelo,Tereza Valentova,0,0,0,0,0
2026-07-02,WTA,yelo,Kristina Liutova,0,0,0,0,0
2026-07-02,WTA,yelo,Dayana Yastremska,0,0,0,0,0
2026-07-02,WTA,yelo,Maria Timofeeva,0,0,0,0,0
2026-07-02,WTA,yelo,Jil Teichmann,0,0,0,0,0
2026-07-02,WTA,yelo,Daria Kasatkina,0,0,0,0,0
2026-07-02,WTA,yelo,Sara Bejlek,0,0,0,0,0
2026-07-02,WTA,yelo,Mayar Sherif,0,0,0,0,0
2026-07-02,WTA,yelo,Kimberly Birrell,0,0,0,0,0
2026-07-02,WTA,yelo,Marina Bassols Ribera,0,0,0,0,0
2026-07-02,WTA,yelo,Maria Sakkari,0,0,0,0,0
2026-07-02,WTA,yelo,Paula Badosa,0,0,0,0,0
2026-07-02,WTA,yelo,Greet Minnen,0,0,0,0,0
2026-07-02,WTA,yelo,Jasmine Paolini,0,0,0,0,0
2026-07-02,WTA,yelo,Talia Gibson,0,0,0,0,0
2026-07-02,WTA,yelo,Ekaterina Alexandrova,0,0,0,0,0
2026-07-02,WTA,yelo,Elina Avanesyan,0,0,0,0,0
2026-07-02,WTA,yelo,Alina Charaeva,0,0,0,0,0
2026-07-02,WTA,yelo,Tyra Caterina Grant,0,0,0,0,0
2026-07-02,WTA,yelo,Ajla Tomljanovic,0,0,0,0,0
2026-07-02,WTA,yelo,Clara Tauson,0,0,0,0,0
2026-07-02,WTA,yelo,Antonia Ruzic,0,0,0,0,0
2026-07-02,WTA,yelo,Alina Korneeva,0,0,0,0,0
2026-07-02,WTA,yelo,Xin Yu Wang,0,0,0,0,0
2026-07-02,WTA,yelo,Panna Udvardy,0,0,0,0,0
2026-07-02,WTA,yelo,Laura Siegemund,0,0,0,0,0
2026-07-02,WTA,yelo,Anna Bondar,0,0,0,0,0
2026-07-02,WTA,yelo,Leylah Fernandez,0,0,0,0,0
2026-07-02,WTA,yelo,Fiona Ferro,0,0,0,0,0
2026-07-02,WTA,yelo,Mananchaya Sawangkaew,0,0,0,0,0
2026-07-02,WTA,yelo,Celine Naef,0,0,0,0,0
2026-07-02,WTA,yelo,Sara Sorribes Tormo,0,0,0,0,0
2026-07-02,WTA,yelo,Mia Pohankova,0,0,0,0,0
2026-07-02,WTA,yelo,Laura Samson,0,0,0,0,0
2026-07-02,WTA,yelo,Darja Vidmanova,0,0,0,0,0
2026-07-02,WTA,yelo,Shuai Zhang,0,0,0,0,0
2026-07-02,WTA,yelo,Marina Stakusic,0,0,0,0,0
2026-07-02,WTA,yelo,Susan Bandecchi,0,0,0,0,0
2026-07-02,WTA,yelo,Hanne Vandewinkel,0,0,0,0,0
2026-07-02,WTA,yelo,Mary Stoiana,0,0,0,0,0
2026-07-02,WTA,yelo,Tatiana Prozorova,0,0,0,0,0
2026-07-02,WTA,yelo,Claire Liu,0,0,0,0,0
2026-07-02,WTA,yelo,Jessica Bouzas Maneiro,0,0,0,0,0
2026-07-02,WTA,yelo,Leyre Romero Gormaz,0,0,0,0,0
2026-07-02,WTA,yelo,Francesca Curmi,0,0,0,0,0
2026-07-02,WTA,yelo,Irina Camelia Begu,0,0,0,0,0
2026-07-02,WTA,yelo,Anna Blinkova,0,0,0,0,0
2026-07-02,WTA,yelo,Tamara Korpatsch,0,0,0,0,0
2026-07-02,WTA,yelo,Lucia Bronzetti,0,0,0,0,0
2026-07-02,WTA,yelo,Olga Danilovic,0,0,0,0,0
2026-07-02,WTA,yelo,En Shuo Liang,0,0,0,0,0
2026-07-02,WTA,yelo,Aliaksandra Sasnovich,0,0,0,0,0
2026-07-02,WTA,yelo,Sloane Stephens,0,0,0,0,0
2026-07-02,WTA,yelo,Lilli Tagger,0,0,0,0,0
2026-07-02,WTA,yelo,Veronika Podrez,0,0,0,0,0
2026-07-02,WTA,yelo,Noma Noha Akugue,0,0,0,0,0
2026-07-02,WTA,yelo,Eva Lys,0,0,0,0,0
2026-07-02,WTA,yelo,Jennifer Ruggeri,0,0,0,0,0
2026-07-02,WTA,yelo,Lanlana Tararudee,0,0,0,0,0
2026-07-02,WTA,yelo,Liudmila Samsonova,0,0,0,0,0
2026-07-02,WTA,yelo,Lin Zhu,0,0,0,0,0
2026-07-02,WTA,yelo,Guiomar Maristany Zuleta De Reales,0,0,0,0,0
2026-07-02,WTA,yelo,Moyuka Uchijima,0,0,0,0,0
2026-07-02,WTA,yelo,Darja Semenistaja,0,0,0,0,0
2026-07-02,WTA,yelo,Leolia Jeanjean,0,0,0,0,0
2026-07-02,WTA,yelo,Jessika Ponchet,0,0,0,0,0
2026-07-02,WTA,yelo,Tamara Zidansek,0,0,0,0,0
2026-07-02,WTA,yelo,Jeline Vandromme,0,0,0,0,0
2026-07-02,WTA,yelo,Federica Urgesi,0,0,0,0,0
2026-07-02,WTA,yelo,Magdalena Frech,0,0,0,0,0
2026-07-02,WTA,yelo,Harmony Tan,0,0,0,0,0
2026-07-02,WTA,yelo,Akasha Urhobo,0,0,0,0,0
2026-07-02,WTA,yelo,Storm Hunter,0,0,0,0,0
2026-07-02,WTA,yelo,Dalma Galfi,0,0,0,0,0
2026-07-02,WTA,yelo,Kamilla Rakhimova,0,0,0,0,0
2026-07-02,WTA,yelo,Anna Kubareva,0,0,0,0,0
2026-07-02,WTA,yelo,Simona Waltert,0,0,0,0,0
2026-07-02,WTA,yelo,Andrea Lazaro Garcia,0,0,0,0,0
2026-07-02,WTA,yelo,Martyna Kubka,0,0,0,0,0
2026-07-02,WTA,yelo,Cristina Bucsa,0,0,0,0,0
2026-07-02,WTA,yelo,Taylah Preston,0,0,0,0,0
2026-07-02,WTA,yelo,Hanyu Guo,0,0,0,0,0
2026-07-02,WTA,yelo,Vendula Valdmannova,0,0,0,0,0
2026-07-02,WTA,yelo,Anastasiya Soboleva,0,0,0,0,0
2026-07-02,WTA,yelo,Savannah Broadus,0,0,0,0,0
2026-07-02,WTA,yelo,Yuki Naito,0,0,0,0,0
2026-07-02,WTA,yelo,Emerson Jones,0,0,0,0,0
2026-07-02,WTA,yelo,Bianca Andreescu,0,0,0,0,0
2026-07-02,WTA,yelo,Fiona Crawley,0,0,0,0,0
2026-07-02,WTA,yelo,Veronika Erjavec,0,0,0,0,0
2026-07-02,WTA,yelo,Zongyu Li,0,0,0,0,0
2026-07-02,WTA,yelo,Tereza Martincova,0,0,0,0,0
2026-07-02,WTA,yelo,Alisa Oktiabreva,0,0,0,0,0
2026-07-02,WTA,yelo,Katie Swan,0,0,0,0,0
2026-07-02,WTA,yelo,Dominika Salkova,0,0,0,0,0
2026-07-02,WTA,yelo,Vera Zvonareva,0,0,0,0,0
2026-07-02,WTA,yelo,Kayla Day,0,0,0,0,0
2026-07-02,WTA,yelo,Polina Iatcenko,0,0,0,0,0
2026-07-02,WTA,yelo,Emiliana Arango,0,0,0,0,0
2026-07-02,WTA,yelo,Eva Vedder,0,0,0,0,0
2026-07-02,WTA,yelo,Suzan Lamens,0,0,0,0,0
2026-07-02,WTA,yelo,Alycia Parks,0,0,0,0,0
2026-07-02,WTA,yelo,Zhuoxuan Bai,0,0,0,0,0
2026-07-02,WTA,yelo,Oksana Selekhmeteva,0,0,0,0,0
2026-07-02,WTA,yelo,Katarina Zavatska,0,0,0,0,0
2026-07-02,WTA,yelo,Lisa Pigato,0,0,0,0,0
2026-07-02,WTA,yelo,Renata Zarazua,0,0,0,0,0
2026-07-02,WTA,yelo,Ella Mcdonald,0,0,0,0,0
2026-07-02,WTA,yelo,Anna Siskova,0,0,0,0,0
2026-07-02,WTA,yelo,Julia Riera,0,0,0,0,0
2026-07-02,WTA,yelo,Victoria Jimenez Kasintseva,0,0,0,0,0
2026-07-02,WTA,yelo,Polona Hercog,0,0,0,0,0
2026-07-02,WTA,yelo,Reese Brantmeier,0,0,0,0,0
2026-07-02,WTA,yelo,Lisa Zaar,0,0,0,0,0
2026-07-02,WTA,yelo,Himeno Sakatsume,0,0,0,0,0
2026-07-02,WTA,yelo,Elvina Kalieva,0,0,0,0,0
2026-07-02,WTA,yelo,Linda Fruhvirtova,0,0,0,0,0
2026-07-02,WTA,yelo,Maddison Inglis,0,0,0,0,0
2026-07-02,WTA,yelo,Hayu Kinoshita,0,0,0,0,0
2026-07-02,WTA,yelo,Alexandra Shubladze,0,0,0,0,0
2026-07-02,WTA,yelo,Harriet Dart,0,0,0,0,0
2026-07-02,WTA,yelo,Erika Andreeva,0,0,0,0,0
2026-07-02,WTA,yelo,Janice Tjen,0,0,0,0,0
2026-07-02,WTA,yelo,Kaja Juvan,0,0,0,0,0
2026-07-02,WTA,yelo,Yue Yuan,0,0,0,0,0
2026-07-02,WTA,yelo,Kajsa Rinaldo Persson,0,0,0,0,0
2026-07-02,WTA,yelo,Nao Hibino,0,0,0,0,0
2026-07-02,WTA,yelo,Caroline Dolehide,0,0,0,0,0
2026-07-02,WTA,yelo,Caijsa Wilda Hennemann,0,0,0,0,0
2026-07-02,WTA,yelo,Elena Pridankina,0,0,0,0,0
2026-07-02,WTA,yelo,Julia Grabher,0,0,0,0,0
2026-07-02,WTA,yelo,Luisina Giovannini,0,0,0,0,0
2026-07-02,WTA,yelo,Carole Monnet,0,0,0,0,0
2026-07-02,WTA,yelo,Iryna Shymanovich,0,0,0,0,0
2026-07-02,WTA,yelo,Julia Stusek,0,0,0,0,0
2026-07-02,WTA,yelo,Madison Brengle,0,0,0,0,0
2026-07-02,WTA,yelo,Sofia Costoulas,0,0,0,0,0
2026-07-02,WTA,yelo,Darya Astakhova,0,0,0,0,0
2026-07-02,WTA,yelo,Ayla Aksu,0,0,0,0,0
2026-07-02,WTA,yelo,Elizara Yaneva,0,0,0,0,0
2026-07-02,WTA,yelo,Jana Kovackova,0,0,0,0,0
2026-07-02,WTA,yelo,Rebecca Sramkova,0,0,0,0,0
2026-07-02,WTA,yelo,Hannah Klugman,0,0,0,0,0
2026-07-02,WTA,yelo,Yeon Woo Ku,0,0,0,0,0
2026-07-02,WTA,yelo,Jazmin Ortenzi,0,0,0,0,0
2026-07-02,WTA,yelo,Julia Avdeeva,0,0,0,0,0
2026-07-02,WTA,yelo,Iva Primorac,0,0,0,0,0
2026-07-02,WTA,yelo,Anouk Koevermans,0,0,0,0,0
2026-07-02,WTA,yelo,Elizabeth Mandlik,0,0,0,0,0
2026-07-02,WTA,yelo,Ru Xi Wu,0,0,0,0,0
2026-07-02,WTA,yelo,Valentina Ryser,0,0,0,0,0
2026-07-02,WTA,yelo,Rada Zolotareva,0,0,0,0,0
2026-07-02,WTA,yelo,Gina Feistel,0,0,0,0,0
2026-07-02,WTA,yelo,Mika Stojsavljevic,0,0,0,0,0
2026-07-02,WTA,yelo,Viktoriya Tomova,0,0,0,0,0
2026-07-02,WTA,yelo,Samira De Stefano,0,0,0,0,0
2026-07-02,WTA,yelo,Deborah Chiesa,0,0,0,0,0
2026-07-02,WTA,yelo,Gabriela Andrea Knutson,0,0,0,0,0
2026-07-02,WTA,yelo,Ella Seidel,0,0,0,0,0
2026-07-02,WTA,yelo,Viktoria Hruncakova,0,0,0,0,0
2026-07-02,WTA,yelo,Anna Lena Friedsam,0,0,0,0,0
2026-07-02,WTA,yelo,Sada Nahimana,0,0,0,0,0
2026-07-02,WTA,yelo,Francesca Jones,0,0,0,0,0
2026-07-02,WTA,yelo,Xinxin Yao,0,0,0,0,0
2026-07-02,WTA,yelo,Carol Young Suh Lee,0,0,0,0,0
2026-07-02,WTA,yelo,Yasmine Kabbaj,0,0,0,0,0
2026-07-02,WTA,yelo,Sofia Kenin,0,0,0,0,0
2026-07-02,WTA,yelo,Amandine Monnot,0,0,0,0,0
2026-07-02,WTA,yelo,Mona Barthel,0,0,0,0,0
2026-07-02,WTA,yelo,Olivia Gadecki,0,0,0,0,0
2026-07-02,WTA,yelo,Lucie Nguyen Tan,0,0,0,0,0
2026-07-02,WTA,yelo,Angela Fita Boluda,0,0,0,0,0
2026-07-02,WTA,yelo,Alessandra Mazzola,0,0,0,0,0
2026-07-02,WTA,yelo,Allura Zamarripa,0,0,0,0,0
2026-07-02,WTA,yelo,Mia Ristic,0,0,0,0,0
2026-07-02,WTA,yelo,Ipek Oz,0,0,0,0,0
2026-07-02,WTA,yelo,Varvara Lepchenko,0,0,0,0,0
2026-07-02,WTA,yelo,Shilin Xu,0,0,0,0,0
2026-07-02,WTA,yelo,Aliona Bolsova,0,0,0,0,0
2026-07-02,WTA,yelo,Martina Capurro Taborda,0,0,0,0,0
2026-07-02,WTA,yelo,Teodora Kostovic,0,0,0,0,0
2026-07-02,WTA,yelo,Alevtina Ibragimova,0,0,0,0,0
2026-07-02,WTA,yelo,Lola Radivojevic,0,0,0,0,0
2026-07-02,WTA,yelo,Elena Milovanovic,0,0,0,0,0
2026-07-02,WTA,yelo,Lulu Sun,0,0,0,0,0
2026-07-02,WTA,yelo,Mai Hontama,0,0,0,0,0
2026-07-02,WTA,yelo,Martha Matoula,0,0,0,0,0
2026-07-02,WTA,yelo,Lina Glushko,0,0,0,0,0
2026-07-02,WTA,yelo,Alice Tubello,0,0,0,0,0
2026-07-02,WTA,yelo,Francisca Jorge,0,0,0,0,0
2026-07-02,WTA,yelo,Heather Watson,0,0,0,0,0
2026-07-02,WTA,yelo,Linda Klimovicova,0,0,0,0,0
2026-07-02,WTA,yelo,Lucie Havlickova,0,0,0,0,0
2026-07-02,WTA,yelo,Laura Pigossi,0,0,0,0,0
2026-07-02,WTA,yelo,Anastasia Kulikova,0,0,0,0,0
2026-07-02,WTA,yelo,Alicia Dudeney,0,0,0,0,0
2026-07-02,WTA,yelo,Gergana Topalova,0,0,0,0,0
2026-07-02,WTA,yelo,Elena Ruxandra Bertea,0,0,0,0,0
2026-07-02,WTA,yelo,Anastasia Zolotareva,0,0,0,0,0
2026-07-02,WTA,yelo,Whitney Osuigwe,0,0,0,0,0
2026-07-02,WTA,yelo,Dalayna Hewitt,0,0,0,0,0
2026-07-02,WTA,yelo,Lidia Encheva,0,0,0,0,0
2026-07-02,WTA,yelo,Aliona Falei,0,0,0,0,0
2026-07-02,WTA,yelo,Sakura Hosogi,0,0,0,0,0
2026-07-02,WTA,yelo,Sonja Zhiyenbayeva,0,0,0,0,0
2026-07-02,WTA,yelo,Eryn Cayetano,0,0,0,0,0
2026-07-02,WTA,yelo,Maria Florencia Urrutia,0,0,0,0,0
2026-07-02,WTA,yelo,Chloe Paquet,0,0,0,0,0
2026-07-02,WTA,yelo,Vivian Wolff,0,0,0,0,0
2026-07-02,WTA,yelo,Maria Sara Popa,0,0,0,0,0
2026-07-02,WTA,yelo,Amandine Hesse,0,0,0,0,0
2026-07-02,WTA,yelo,Cadence Brace,0,0,0,0,0
2026-07-02,WTA,yelo,Selena Janicijevic,0,0,0,0,0
2026-07-02,WTA,yelo,Xiaodi You,0,0,0,0,0
2026-07-02,WTA,yelo,Oceane Dodin,0,0,0,0,0
2026-07-02,WTA,yelo,Haruka Kaji,0,0,0,0,0
2026-07-02,WTA,yelo,Bella Payne,0,0,0,0,0
2026-07-02,WTA,yelo,Despina Papamichail,0,0,0,0,0
2026-07-02,WTA,yelo,Katrina Scott,0,0,0,0,0
2026-07-02,WTA,yelo,Anastasia Gasanova,0,0,0,0,0
2026-07-02,WTA,yelo,Joanna Garland,0,0,0,0,0
2026-07-02,WTA,yelo,Elena Micic,0,0,0,0,0
2026-07-02,WTA,yelo,Lucia Cortez Llorca,0,0,0,0,0
2026-07-02,WTA,yelo,Elsa Jacquemot,0,0,0,0,0
2026-07-02,WTA,yelo,Matilde Jorge,0,0,0,0,0
2026-07-02,WTA,yelo,Caroline Uebelhoer,0,0,0,0,0
2026-07-02,WTA,yelo,Angelina Voloshchuk,0,0,0,0,0
2026-07-02,WTA,yelo,Nina Vargova,0,0,0,0,0
2026-07-02,WTA,yelo,Lea Boskovic,0,0,0,0,0
2026-07-02,WTA,yelo,Katarina Kuzmova,0,0,0,0,0
2026-07-02,WTA,yelo,Mei Yamaguchi,0,0,0,0,0
2026-07-02,WTA,yelo,Lizette Cabrera,0,0,0,0,0
2026-07-02,WTA,yelo,Varvara Panshina,0,0,0,0,0
2026-07-02,WTA,yelo,Lucrezia Stefanini,0,0,0,0,0
2026-07-02,WTA,yelo,Maya Joint,0,0,0,0,0
2026-07-02,WTA,yelo,Ayano Shimizu,0,0,0,0,0
2026-07-02,WTA,yelo,Ena Koike,0,0,0,0,0
2026-07-02,WTA,yelo,Anchisa Chanta,0,0,0,0,0
2026-07-02,WTA,yelo,Fangran Tian,0,0,0,0,0
2026-07-02,WTA,yelo,Nastasja Schunk,0,0,0,0,0
2026-07-02,WTA,yelo,Britt Du Pree,0,0,0,0,0
2026-07-02,WTA,yelo,Maria Lourdes Carle,0,0,0,0,0
2026-07-02,WTA,yelo,Hong Yi Cody Wong,0,0,0,0,0
2026-07-02,WTA,yelo,Yufei Ren,0,0,0,0,0
2026-07-02,WTA,yelo,Reina Goto,0,0,0,0,0
2026-07-02,WTA,yelo,Laura Mair,0,0,0,0,0
2026-07-02,WTA,yelo,Weronika Ewald,0,0,0,0,0
2026-07-02,WTA,yelo,Tiantsoa Sarah Rakotomanga Rajaonah,0,0,0,0,0
2026-07-02,WTA,yelo,Ane Mintegi Del Olmo,0,0,0,0,0
2026-07-02,WTA,yelo,Yujia Huang,0,0,0,0,0
2026-07-02,WTA,yelo,Jenny Lim,0,0,0,0,0
2026-07-02,WTA,yelo,Celia Cervino Ruiz,0,0,0,0,0
2026-07-02,WTA,yelo,Tatiana Pieri,0,0,0,0,0
2026-07-02,WTA,yelo,Ekaterina Kazionova,0,0,0,0,0
2026-07-02,WTA,yelo,Dalila Jakupovic,0,0,0,0,0
2026-07-02,WTA,yelo,Viola Turini,0,0,0,0,0
2026-07-02,WTA,yelo,Ekaterine Gorgodze,0,0,0,0,0
2026-07-02,WTA,yelo,Hiromi Abe,0,0,0,0,0
2026-07-02,WTA,yelo,Nika Radisic,0,0,0,0,0
2026-07-02,WTA,yelo,Natsumi Kawaguchi,0,0,0,0,0
2026-07-02,WTA,yelo,Xinyu Gao,0,0,0,0,0
2026-07-02,WTA,yelo,Nuria Brancaccio,0,0,0,0,0
2026-07-02,WTA,yelo,Naiktha Bains,0,0,0,0,0
2026-07-02,WTA,yelo,Julie Belgraver,0,0,0,0,0
2026-07-02,WTA,yelo,Rositsa Dencheva,0,0,0,0,0
2026-07-02,WTA,yelo,Aneta Laboutkova,0,0,0,0,0
2026-07-02,WTA,yelo,Kristiana Sidorova,0,0,0,0,0
2026-07-02,WTA,yelo,Priscilla Hon,0,0,0,0,0
2026-07-02,WTA,yelo,Gina Marie Dittmann,0,0,0,0,0
2026-07-02,WTA,yelo,Merel Hoedt,0,0,0,0,0
2026-07-02,WTA,yelo,Lina Gjorcheska,0,0,0,0,0
2026-07-02,WTA,yelo,Misaki Matsuda,0,0,0,0,0
2026-07-02,WTA,yelo,Tessa Johanna Brockmann,0,0,0,0,0
2026-07-02,WTA,yelo,Miho Kuramochi,0,0,0,0,0
2026-07-02,WTA,yelo,Julie Struplova,0,0,0,0,0
2026-07-02,WTA,yelo,Kathinka Von Deichmann,0,0,0,0,0
2026-07-02,WTA,yelo,Meritxell Teixido Garcia,0,0,0,0,0
2026-07-02,WTA,yelo,Chelsea Fontenel,0,0,0,0,0
2026-07-02,WTA,yelo,Lea Ma,0,0,0,0,0
2026-07-02,WTA,yelo,Aoi Ito,0,0,0,0,0
2026-07-02,WTA,yelo,Noemi Basiletti,0,0,0,0,0
2026-07-02,WTA,yelo,Anouck Vrancken Peeters,0,0,0,0,0
2026-07-02,WTA,yelo,Margaux Rouvroy,0,0,0,0,0
2026-07-02,WTA,yelo,Sara Saito,0,0,0,0,0
2026-07-02,WTA,yelo,Zhibek Kulambayeva,0,0,0,0,0
2026-07-02,WTA,yelo,Anastasia Tikhonova,0,0,0,0,0
2026-07-02,WTA,yelo,Hibah Shaikh,0,0,0,0,0
2026-07-02,WTA,yelo,Martina Trevisan,0,0,0,0,0
2026-07-02,WTA,yelo,Sofya Lansere,0,0,0,0,0
2026-07-02,WTA,yelo,Alina Granwehr,0,0,0,0,0
2026-07-02,WTA,yelo,Mell Elizabeth Reasco Gonzalez,0,0,0,0,0
2026-07-02,WTA,yelo,Mina Hodzic,0,0,0,0,0
2026-07-02,WTA,yelo,Viktoria Morvayova,0,0,0,0,0
2026-07-02,WTA,yelo,Meiqi Guo,0,0,0,0,0
2026-07-02,WTA,yelo,Elena Malygina,0,0,0,0,0
2026-07-02,WTA,yelo,Ye Xin Ma,0,0,0,0,0
2026-07-02,WTA,yelo,Sohyun Park,0,0,0,0,0
2026-07-02,WTA,yelo,Beatriz Haddad Maia,0,0,0,0,0
2026-07-02,WTA,yelo,Camilla Rosatello,0,0,0,0,0
2026-07-02,WTA,yelo,Amarissa Kiara Toth,0,0,0,0,0
2026-07-02,WTA,yelo,Kayla Cross,0,0,0,0,0
2026-07-02,WTA,yelo,Jiayi Wang,0,0,0,0,0
2026-07-02,WTA,yelo,Berfu Cengiz,0,0,0,0,0
2026-07-02,WTA,yelo,Vaishnavi Adkar,0,0,0,0,0
2026-07-02,WTA,yelo,Ekaterina Ovcharenko,0,0,0,0,0
2026-07-02,WTA,yelo,Barbora Palicova,0,0,0,0,0
2026-07-02,WTA,yelo,Kyoka Okamura,0,0,0,0,0
2026-07-02,WTA,yelo,Dalila Spiteri,0,0,0,0,0
2026-07-02,WTA,yelo,Momoko Kobori,0,0,0,0,0
2026-07-02,WTA,yelo,Ayana Akli,0,0,0,0,0
2026-07-02,WTA,yelo,Yidi Yang,0,0,0,0,0
2026-07-02,WTA,yelo,Ariana Arseneault,0,0,0,0,0
2026-07-02,WTA,yelo,Carlota Martinez Cirez,0,0,0,0,0
2026-07-02,WTA,yelo,Ena Shibahara,0,0,0,0,0
2026-07-02,WTA,yelo,Eva Guerrero Alvarez,0,0,0,0,0
2026-07-02,WTA,yelo,Zuzanna Pawlikowska,0,0,0,0,0
2026-07-02,WTA,yelo,Diletta Cherubini,0,0,0,0,0
2026-07-02,WTA,yelo,Laura Hietaranta,0,0,0,0,0
2026-07-02,WTA,yelo,Carolyn Ansari,0,0,0,0,0
2026-07-02,WTA,yelo,Haley Giavara,0,0,0,0,0
2026-07-02,WTA,yelo,Carol Zhao,0,0,0,0,0
2026-07-02,WTA,yelo,Gabriela Lee,0,0,0,0,0
2026-07-02,WTA,yelo,Sofia Elena Cabezas Dominguez,0,0,0,0,0
2026-07-02,WTA,yelo,Indianna Spink,0,0,0,0,0
2026-07-02,WTA,yelo,Wushuang Zheng,0,0,0,0,0
2026-07-02,WTA,yelo,Sahaja Yamalapalli,0,0,0,0,0
2026-07-02,WTA,yelo,Chengyiyi Yuan,0,0,0,0,0
2026-07-02,WTA,yelo,Arantxa Rus,0,0,0,0,0
2026-07-02,WTA,yelo,Ranah Akua Stoiber,0,0,0,0,0
2026-07-02,WTA,yelo,Ekaterina Maklakova,0,0,0,0,0
2026-07-02,WTA,yelo,Weronika Falkowska,0,0,0,0,0
2026-07-02,WTA,yelo,Katherine Sebov,0,0,0,0,0
2026-07-02,WTA,yelo,Jana Otzipka,0,0,0,0,0
2026-07-02,WTA,yelo,Jiaqi Wang,0,0,0,0,0
2026-07-02,WTA,yelo,Justina Mikulskyte,0,0,0,0,0
2026-07-02,WTA,yelo,Rina Saigo,0,0,0,0,0
2026-07-02,WTA,yelo,Eri Shimizu,0,0,0,0,0
2026-07-02,WTA,yelo,Raluka Serban,0,0,0,0,0
2026-07-02,WTA,yelo,Manon Leonard,0,0,0,0,0
2026-07-02,WTA,yelo,Rasheeda Mcadoo,0,0,0,0,0
2026-07-02,WTA,yelo,Eunhye Lee,0,0,0,0,0
2026-07-02,WTA,yelo,Yasmine Mansouri,0,0,0,0,0
2026-07-02,WTA,yelo,Irene Burillo Escorihuela,0,0,0,0,0
2026-07-02,WTA,yelo,Diana Martynov,0,0,0,0,0
2026-07-02,WTA,yelo,Isabella Maria Serban,0,0,0,0,0
2026-07-02,WTA,yelo,Han Shi,0,0,0,0,0
2026-07-02,WTA,yelo,Isabella Shinikova,0,0,0,0,0
2026-07-02,WTA,yelo,Katerina Tsygourova,0,0,0,0,0
2026-07-02,WTA,yelo,Tiphanie Fiquet,0,0,0,0,0
2026-07-02,WTA,yelo,Victoria Bosio,0,0,0,0,0
2026-07-02,WTA,yelo,Miriana Tona,0,0,0,0,0
2026-07-02,WTA,yelo,Gabriela Ce,0,0,0,0,0
2026-07-02,WTA,yelo,Maria Martinez Vaquero,0,0,0,0,0
2026-07-02,WTA,yelo,Peangtarn Plipuech,0,0,0,0,0
2026-07-02,WTA,yelo,Lia Karatancheva,0,0,0,0,0
2026-07-02,WTA,yelo,Emily Appleton,0,0,0,0,0
2026-07-02,WTA,yelo,Alana Smith,0,0,0,0,0
2026-07-02,WTA,yelo,Yuriko Miyazaki,0,0,0,0,0
2026-07-02,WTA,yelo,Jule Niemeier,0,0,0,0,0
2026-07-02,WTA,yelo,Ana Sofia Sanchez,0,0,0,0,0
2026-07-02,WTA,yelo,Miriam Bianca Bulgaru,0,0,0,0,0
2026-07-02,WTA,yelo,Lucija Ciric Bagaric,0,0,0,0,0
2026-07-02,WTA,yelo,Anna Sinclair Rogers,0,0,0,0,0
2026-07-02,WTA,yelo,Alice Rame,0,0,0,0,0
2026-07-02,WTA,yelo,Nadiia Kolb,0,0,0,0,0
2026-07-02,WTA,yelo,Jessica Pieri,0,0,0,0,0
2026-07-02,WTA,yelo,Ankita Raina,0,0,0,0,0
2026-07-02,WTA,yelo,Carolina Alves,0,0,0,0,0
2026-07-02,WTA,yelo,Nuria Parrizas Diaz,0,0,0,0,0
